1,"Carolina Herrera,  Herrera for men by",4,https://cotizar.jjquimienvases.com/items/imagenes/e1.jpg,1,18,37
2,Lolita Lempicka by Lolita Lempicka,4,https://cotizar.jjquimienvases.com/items/imagenes/e2.jpg,1,18,37
3,"Perry Ellis, 360 by ",4,https://cotizar.jjquimienvases.com/items/imagenes/e3.jpg,1,18,37
4,"Carolina Herrera, 212 by ",4,https://cotizar.jjquimienvases.com/items/imagenes/e4.jpg,1,18,37
5,"Givenchy, Amarige by ",4,https://cotizar.jjquimienvases.com/items/imagenes/e5.jpg,1,18,37
6,"Giorgio Armani, Aqua di Gi by ",4,https://cotizar.jjquimienvases.com/items/imagenes/e6.jpg,1,18,37
7,Carolina Herrera by Carolina Herrera,4,https://cotizar.jjquimienvases.com/items/imagenes/e7.jpg,1,18,37
8," Calvin Klein,  Eternity by",4,https://cotizar.jjquimienvases.com/items/imagenes/e8.jpg,1,18,37
9,"Hugo Boss,  Hugo by ",4,https://cotizar.jjquimienvases.com/items/imagenes/e9.jpg,1,18,37
10,"Animale, animale for men by",4,https://cotizar.jjquimienvases.com/items/imagenes/e10.jpg,1,18,37
11," Perry Elis , 360 by ",4,https://cotizar.jjquimienvases.com/items/imagenes/e11.jpg,1,18,37
12,"Hugo Boss,  Hugo Woman by",4,https://cotizar.jjquimienvases.com/items/imagenes/e12.jpg,1,18,37
13,"Mont Blanc,  Individuel by",4,https://cotizar.jjquimienvases.com/items/imagenes/e13.jpg,1,18,37
14,"Jean Paul Gaultier, Classique by",4,https://cotizar.jjquimienvases.com/items/imagenes/e14.jpg,1,18,37
15,"Lacoste, Lacoste Original by",4,https://cotizar.jjquimienvases.com/items/imagenes/e15.jpg,1,18,37
16,"Jean Paul Gaultier,  Le Male by  ",4,https://cotizar.jjquimienvases.com/items/imagenes/e16.jpg,1,18,37
17,"Dolce & Gabbana, D&G pour homme by",4,https://cotizar.jjquimienvases.com/items/imagenes/e17.jpg,1,18,37
18," Tommy Hilfiger boy, Tommy by  ",4,https://cotizar.jjquimienvases.com/items/imagenes/e18.jpg,1,18,37
19,"Tommy Hilfiger ,  Tommy girl by",4,https://cotizar.jjquimienvases.com/items/imagenes/e19.jpg,1,18,37
20,Paris Hilton by Paris Hilton,4,https://cotizar.jjquimienvases.com/items/imagenes/e20.jpg,1,18,37
22," Cacharel,  Anais Anais by ",4,https://cotizar.jjquimienvases.com/items/imagenes/e22.jpg,1,18,37
23,"Oscar de la Renta,  Oscar by",4,https://cotizar.jjquimienvases.com/items/imagenes/e23.jpg,1,18,37
24,"Lacoste,  Style in Play by ",4,https://cotizar.jjquimienvases.com/items/imagenes/e24.jpg,1,18,37
25,"Carolina Herrera,  212 Sexy Men by",4,https://cotizar.jjquimienvases.com/items/imagenes/e25.jpg,1,18,37
27,"Issey Miyake,  LEau du Issey by ",4,https://cotizar.jjquimienvases.com/items/imagenes/e27.jpg,1,18,37
28,"Issey Miyake, LEau du Issey pour homme by",4,https://cotizar.jjquimienvases.com/items/imagenes/e28.jpg,1,18,37
29,"Calvin Klein, Eternity for men by",4,https://cotizar.jjquimienvases.com/items/imagenes/e29.jpg,1,18,37
30,"Chanel, N 5 by ",4,https://cotizar.jjquimienvases.com/items/imagenes/e30.jpg,1,18,37
31,"Carolina Herrera,  212 by  ",4,https://cotizar.jjquimienvases.com/items/imagenes/e31.jpg,1,18,37
32,"Montblanc,  Femme by",4,https://cotizar.jjquimienvases.com/items/imagenes/e32.jpg,1,18,37
34," Lacoste, Touch of Pink by  ",4,https://cotizar.jjquimienvases.com/items/imagenes/e34.jpg,1,18,37
35,"Ralph Lauren, Ralph by ",4,https://cotizar.jjquimienvases.com/items/imagenes/e35.jpg,1,18,37
36," Dolce & Gabbana,  Light Blue by",4,https://cotizar.jjquimienvases.com/items/imagenes/e36.jpg,1,18,37
37," Hugo Boss,  Boss Selection by",4,https://cotizar.jjquimienvases.com/items/imagenes/e37.jpg,1,18,37
38,"Dolce & Gabbana,  The One for men by",4,https://cotizar.jjquimienvases.com/items/imagenes/e38.jpg,1,18,37
39,"Calvin Klein, Escape by",4,https://cotizar.jjquimienvases.com/items/imagenes/e39.jpg,1,18,37
40,"Carolina Herrera,  212 Sexy by ",4,https://cotizar.jjquimienvases.com/items/imagenes/e40.jpg,1,18,37
41,"Calvin Klein,   Ck One by",4,https://cotizar.jjquimienvases.com/items/imagenes/e41.jpg,1,18,37
42,"Hugo Boss ,  Boss in Motion Blue Edition by",4,https://cotizar.jjquimienvases.com/items/imagenes/e42.jpg,1,18,37
43,"Hugo Boss, Hugo Pure Purple by",4,https://cotizar.jjquimienvases.com/items/imagenes/e43.jpg,1,18,37
44,"Carolina Herrera, CH by",4,https://cotizar.jjquimienvases.com/items/imagenes/e44.jpg,1,18,37
45,"Hugo Boss,  Hugo Element by",4,https://cotizar.jjquimienvases.com/items/imagenes/e45.jpg,1,18,37
46,"Bvlgari, Blv pour homme by  ",4,https://cotizar.jjquimienvases.com/items/imagenes/e46.jpg,1,18,37
47,"Hugo Boss,  Boss Orange by ",4,https://cotizar.jjquimienvases.com/items/imagenes/e47.jpg,1,18,37
48,"Britney Spears, Fantasy by",4,https://cotizar.jjquimienvases.com/items/imagenes/e48.jpg,1,18,37
49,"Givenchy,  Pi Neo by  ",4,https://cotizar.jjquimienvases.com/items/imagenes/e49.jpg,1,18,37
50,"David  Beckham, Beckham Signature by",4,https://cotizar.jjquimienvases.com/items/imagenes/e50.jpg,1,18,37
51,"Paco Rabanne, 1 Million by ",4,https://cotizar.jjquimienvases.com/items/imagenes/e51.jpg,1,18,37
52,"Gucci, Gucci Eau De Parfum II by",4,https://cotizar.jjquimienvases.com/items/imagenes/e52.jpg,1,18,37
53,Davidoff  Cool Water by,4,https://cotizar.jjquimienvases.com/items/imagenes/e53.jpg,1,18,37
54,"Givenchy, Organza by ",4,https://cotizar.jjquimienvases.com/items/imagenes/e54.jpg,1,18,37
55,"David Beckham, Beckham Signature Men by  ",4,https://cotizar.jjquimienvases.com/items/imagenes/e55.jpg,1,18,37
56,"Christian Dior, Fahrenheit by ",4,https://cotizar.jjquimienvases.com/items/imagenes/e56.jpg,1,18,37
57,"Davidoff,  Cool Water Woman by",4,https://cotizar.jjquimienvases.com/items/imagenes/e57.jpg,1,18,37
58,"Calvin Klein, Obsession for men by",4,https://cotizar.jjquimienvases.com/items/imagenes/e58.jpg,1,18,37
59,"Ralph Lauren, Polo sport by ",4,https://cotizar.jjquimienvases.com/items/imagenes/e59.jpg,1,18,37
60,"Giorgio Armani,  Aqua di Gi? by M",4,https://cotizar.jjquimienvases.com/items/imagenes/e60.jpg,1,18,37
61,"Gucci,  Gucci pour Homme by  ",4,https://cotizar.jjquimienvases.com/items/imagenes/e61.jpg,1,18,37
62,Jean Pascal by Jean Pascal ,4,https://cotizar.jjquimienvases.com/items/imagenes/e62.jpg,1,18,37
63,"Yves Saint Laurent,  M7 by  ",4,https://cotizar.jjquimienvases.com/items/imagenes/e63.jpg,1,18,37
64,"Fred Hayman,  273 Beverly Hills by",4,https://cotizar.jjquimienvases.com/items/imagenes/e64.jpg,1,18,37
65,"Dolce & Gabbana, The One by",4,https://cotizar.jjquimienvases.com/items/imagenes/e65.jpg,1,18,37
66,"Escada, Escada Pacific Paradise by ",4,https://cotizar.jjquimienvases.com/items/imagenes/e66.jpg,1,18,37
67,"Lacoste,  Lacoste Elegance by",4,https://cotizar.jjquimienvases.com/items/imagenes/e67.jpg,1,18,37
68,"Givenchy,  Xeryus Rouge by  ",4,https://cotizar.jjquimienvases.com/items/imagenes/e68.jpg,1,18,37
69,"Paris Hilton , Can Can by",4,https://cotizar.jjquimienvases.com/items/imagenes/e69.jpg,1,18,37
70,"Hugo Boss,  Hugo XY by  ",4,https://cotizar.jjquimienvases.com/items/imagenes/e70.jpg,1,18,37
71,"Hugo Boss, Hugo XX by",4,https://cotizar.jjquimienvases.com/items/imagenes/e71.jpg,1,18,37
72,"Paco Rabanne, Black XS by ",4,https://cotizar.jjquimienvases.com/items/imagenes/e72.jpg,1,18,37
73,"Chanel,  Chance by",4,https://cotizar.jjquimienvases.com/items/imagenes/e73.jpg,1,18,37
74,"Chanel,  Allure by  ",4,https://cotizar.jjquimienvases.com/items/imagenes/e74.jpg,1,18,37
75,"Bvlgari, Blv  by  ",4,https://cotizar.jjquimienvases.com/items/imagenes/e75.jpg,1,18,37
76,"Carolina Herrera,  212 Onice Men by",4,https://cotizar.jjquimienvases.com/items/imagenes/e76.jpg,1,18,37
77,"Hugo Boss, Hugo Energise for men by ",4,https://cotizar.jjquimienvases.com/items/imagenes/e77.jpg,1,18,37
78,"Nina Ricci ,  Ricci Ricci by ",4,https://cotizar.jjquimienvases.com/items/imagenes/e78.jpg,1,18,37
79,"Diesel, Only the Brave by",4,https://cotizar.jjquimienvases.com/items/imagenes/e79.jpg,1,18,37
80,"Chanel ,  Egoiste Platinum by ",4,https://cotizar.jjquimienvases.com/items/imagenes/e80.jpg,1,18,37
81,"Giorgio Armani, Armani Black Code by",4,https://cotizar.jjquimienvases.com/items/imagenes/e81.jpg,1,18,37
82,"Paco Rabanne,  Ultraviolet by ",4,https://cotizar.jjquimienvases.com/items/imagenes/e82.jpg,1,18,37
83,"Montblanc, Femme Individuelle by",4,https://cotizar.jjquimienvases.com/items/imagenes/e83.jpg,1,18,37
84,"Lacoste, Lacoste Essential by",4,https://cotizar.jjquimienvases.com/items/imagenes/e84.jpg,1,18,37
85,"Calvin Klein,  Contradiction by ",4,https://cotizar.jjquimienvases.com/items/imagenes/e85.jpg,1,18,37
86,"Nautica, Latidude/Longitude by",4,https://cotizar.jjquimienvases.com/items/imagenes/e86.jpg,1,18,37
87,"Bebe, mi bebe",4,https://cotizar.jjquimienvases.com/items/imagenes/e87.jpg,1,18,37
88,"Paco Rabbane,  Black XS for Her by ",4,https://cotizar.jjquimienvases.com/items/imagenes/e88.jpg,1,18,37
89,"Hugo Boss,  Hugo Dark Blue by",4,https://cotizar.jjquimienvases.com/items/imagenes/e89.jpg,1,18,37
90,"Hugo Boss,   Hugo Deep Red by",4,https://cotizar.jjquimienvases.com/items/imagenes/e90.jpg,1,18,37
91,"Bvlgari, Omnia GREEN JADE by ",4,https://cotizar.jjquimienvases.com/items/imagenes/e91.jpg,1,18,37
92,"Cartier, Santos by ",4,https://cotizar.jjquimienvases.com/items/imagenes/e92.jpg,1,18,37
93,"Christian Dior, JAdore by ",4,https://cotizar.jjquimienvases.com/items/imagenes/e93.jpg,1,18,37
94,"Bvlgari, Omnia Amethyste by",4,https://cotizar.jjquimienvases.com/items/imagenes/e94.jpg,1,18,37
95,"Chanel,  Allure Homme by  ",4,https://cotizar.jjquimienvases.com/items/imagenes/e95.jpg,1,18,37
96,"Dolce & Gabbana , Light Blue pour homme by ",4,https://cotizar.jjquimienvases.com/items/imagenes/e96.jpg,1,18,37
97,"Paco Rabanne,  Lady Million by",4,https://cotizar.jjquimienvases.com/items/imagenes/e97.jpg,1,18,37
98,"Shakira,  S by",4,https://cotizar.jjquimienvases.com/items/imagenes/e98.jpg,1,18,37
99,"Carolina Herrera,  CH Men by ",4,https://cotizar.jjquimienvases.com/items/imagenes/e99.jpg,1,18,37
100,"Bulgari, Aqua pour homme by ",4,https://cotizar.jjquimienvases.com/items/imagenes/e100.jpg,1,18,37
101,"Jesus del Pozo, Halloween by",4,https://cotizar.jjquimienvases.com/items/imagenes/e101.jpg,1,18,37
102,"Calvin Klein, Euphoria Men by",4,https://cotizar.jjquimienvases.com/items/imagenes/e102.jpg,1,18,37
103,"Jennifer Lopez,  Live by  ",4,https://cotizar.jjquimienvases.com/items/imagenes/e103.jpg,1,18,37
104,"Hugo Boss ,  Boss Bottled Nigth by ",4,https://cotizar.jjquimienvases.com/items/imagenes/e104.jpg,1,18,37
105,"Calvin Klein, Euphoria by ",4,https://cotizar.jjquimienvases.com/items/imagenes/e105.jpg,1,18,37
106,"Carolina Herrera,  212 VIP by",4,https://cotizar.jjquimienvases.com/items/imagenes/e106.jpg,1,18,37
107,"Boucheron, Jair saphir by",4,https://cotizar.jjquimienvases.com/items/imagenes/e107.jpg,1,18,37
108,"cartier,   Must by ",4,https://cotizar.jjquimienvases.com/items/imagenes/e108.jpg,1,18,37
109,"Calvin Klein,  CK Free by",4,https://cotizar.jjquimienvases.com/items/imagenes/e109.jpg,1,18,37
110,"Lacoste, Challenge by",4,https://cotizar.jjquimienvases.com/items/imagenes/e110.jpg,1,18,37
111,Montblanc  Starwalker by,4,https://cotizar.jjquimienvases.com/items/imagenes/e111.jpg,1,18,37
112,"Thierry Mugler,  Angel by",4,https://cotizar.jjquimienvases.com/items/imagenes/e112.jpg,1,18,37
113,"Givenchy, Ange ou Diamon by",4,https://cotizar.jjquimienvases.com/items/imagenes/e113.jpg,1,18,37
114,"Paris Hilton,  Heiress by",4,https://cotizar.jjquimienvases.com/items/imagenes/e114.jpg,1,18,37
115,"Carolina Herrera ,  Chic for men by",4,https://cotizar.jjquimienvases.com/items/imagenes/e115.jpg,1,18,37
116,Elizabeth  Taylor White Diamonds by,4,https://cotizar.jjquimienvases.com/items/imagenes/e116.jpg,1,18,37
117,"Oscar de la Renta,  Oscar by",4,https://cotizar.jjquimienvases.com/items/imagenes/e117.jpg,1,18,37
118,"Ted Lapidus , Lapidus pour homme by",4,https://cotizar.jjquimienvases.com/items/imagenes/e118.jpg,1,18,37
119,"Guess, Guess Man by",4,https://cotizar.jjquimienvases.com/items/imagenes/e119.jpg,1,18,37
120,"Cartier, Declaration by",4,https://cotizar.jjquimienvases.com/items/imagenes/e120.jpg,1,18,37
121,"Perry Ellis, 360 Red for Men by",4,https://cotizar.jjquimienvases.com/items/imagenes/e121.jpg,1,18,37
122,"Versace, Versace pour homme by",4,https://cotizar.jjquimienvases.com/items/imagenes/e122.jpg,1,18,37
123,"Elizabeth Arden ,  5th Avenue by",4,https://cotizar.jjquimienvases.com/items/imagenes/e123.jpg,1,18,37
124,Benetton tribu by,4,https://cotizar.jjquimienvases.com/items/imagenes/e124.jpg,1,18,37
125,"Paris Hilton ,   Siren by",4,https://cotizar.jjquimienvases.com/items/imagenes/e125.jpg,1,18,37
126,"Burberry, The Beat by ",4,https://cotizar.jjquimienvases.com/items/imagenes/e126.jpg,1,18,37
127,"Chanel, Coco MADEMOISELLE by",4,https://cotizar.jjquimienvases.com/items/imagenes/e127.jpg,1,18,37
128,"Burberry,  Burberry Brit by",4,https://cotizar.jjquimienvases.com/items/imagenes/e128.jpg,1,18,37
129,Roger & Gallet Jean Marie Farina by,4,https://cotizar.jjquimienvases.com/items/imagenes/e129.jpg,1,18,37
130,"Carolina Herrera,   212 VIP Men by ",4,https://cotizar.jjquimienvases.com/items/imagenes/e130.jpg,1,18,37
131,"Carolina Herrera,  Chic by  ",4,https://cotizar.jjquimienvases.com/items/imagenes/e131.jpg,1,18,37
132,"Kenzo, Flower by",4,https://cotizar.jjquimienvases.com/items/imagenes/e132.jpg,1,18,37
133,"Paris Hilton ,   Paris Hilton Men by ",4,https://cotizar.jjquimienvases.com/items/imagenes/e133.jpg,1,18,37
134,Antonio banderas blue seduction by,4,https://cotizar.jjquimienvases.com/items/imagenes/e134.jpg,1,18,37
135,"Givenchy, Givenchy Pour Homme Blue Label by",4,https://cotizar.jjquimienvases.com/items/imagenes/e135.jpg,1,18,37
136,Swiss Army by Swiss Army,4,https://cotizar.jjquimienvases.com/items/imagenes/e136.jpg,1,18,37
137,"Hugo Boss, Boss Orange Man by  ",4,https://cotizar.jjquimienvases.com/items/imagenes/e137.jpg,1,18,37
138," Versace, Bright Crystal by ",4,https://cotizar.jjquimienvases.com/items/imagenes/e138.jpg,1,18,37
139,"Loewe, Solo by",4,https://cotizar.jjquimienvases.com/items/imagenes/e139.jpg,1,18,37
140,"Carolina Herrera, CH LEau by",4,https://cotizar.jjquimienvases.com/items/imagenes/e140.jpg,1,18,37
141,"Carolina Herrera, CH Sport Men by ",4,https://cotizar.jjquimienvases.com/items/imagenes/e141.jpg,1,18,37
142,"Mont Blanc, Legend by",4,https://cotizar.jjquimienvases.com/items/imagenes/e142.jpg,1,18,37
143,"Antonio banderas, The secret by",4,https://cotizar.jjquimienvases.com/items/imagenes/e143.jpg,1,18,37
144,"Calvin Klein, Escape by",4,https://cotizar.jjquimienvases.com/items/imagenes/e144.jpg,1,18,37
145,"Chanel, Bleu de Chanel by ",4,https://cotizar.jjquimienvases.com/items/imagenes/e145.jpg,1,18,37
146,"Escada, Escada Moon Sparkle by",4,https://cotizar.jjquimienvases.com/items/imagenes/e146.jpg,1,18,37
147,Victorias Secret  Endless Love by,4,https://cotizar.jjquimienvases.com/items/imagenes/e147.jpg,1,18,37
148,Burberry by burberry,4,https://cotizar.jjquimienvases.com/items/imagenes/e148.jpg,1,18,37
149,"Lacoste,   L.12.12 Blanc by",4,https://cotizar.jjquimienvases.com/items/imagenes/e149.jpg,1,18,37
150,"Christian Dior,  Dior Homme Sport by ",4,https://cotizar.jjquimienvases.com/items/imagenes/e150.jpg,1,18,37
151,"Calvin Klein, Beauty by ",4,https://cotizar.jjquimienvases.com/items/imagenes/e151.jpg,1,18,37
152,"Chl e, Narcise by",4,https://cotizar.jjquimienvases.com/items/imagenes/e152.jpg,1,18,37
153,"Loewe,  Loewe 7 by ",4,https://cotizar.jjquimienvases.com/items/imagenes/e153.jpg,1,18,37
154,"Hugo Boss,  Hugo by ",4,https://cotizar.jjquimienvases.com/items/imagenes/e154.jpg,1,18,37
155,"Lacoste, EAU ",4,https://cotizar.jjquimienvases.com/items/imagenes/e155.jpg,1,18,37
156,"Lacoste, L.12.12 black by",4,https://cotizar.jjquimienvases.com/items/imagenes/e156.jpg,1,18,37
157,"Lacoste,  L.12.12 Rouge by",4,https://cotizar.jjquimienvases.com/items/imagenes/e157.jpg,1,18,37
158," Est e Lauder, Beautiful by",4,https://cotizar.jjquimienvases.com/items/imagenes/e158.jpg,1,18,37
159,Animale by animale,4,https://cotizar.jjquimienvases.com/items/imagenes/e159.jpg,1,18,37
160,"Paco Rabanne, one millon intense  by ",4,https://cotizar.jjquimienvases.com/items/imagenes/e160.jpg,1,18,37
161,Issey Miyake sport,4,https://cotizar.jjquimienvases.com/items/imagenes/e161.jpg,1,18,37
162,"Paco Rabanne, Invictus by ",4,https://cotizar.jjquimienvases.com/items/imagenes/e162.jpg,1,18,37
163,"Versace, EROS by",4,https://cotizar.jjquimienvases.com/items/imagenes/e163.jpg,1,18,37
164,"Davidoff, THE Game by",4,https://cotizar.jjquimienvases.com/items/imagenes/e164.jpg,1,18,37
165,"Dolce & Gabbana,  Desire by",4,https://cotizar.jjquimienvases.com/items/imagenes/e165.jpg,1,18,37
166,ONE DIRECTION OUR MOMENT BY,4,https://cotizar.jjquimienvases.com/items/imagenes/e166.jpg,1,18,37
167,"Lcome,La vida es bella by",4,https://cotizar.jjquimienvases.com/items/imagenes/e167.jpg,1,18,37
168,"Bvlgari, Omnia cristaline by ",4,https://cotizar.jjquimienvases.com/items/imagenes/e168.jpg,1,18,37
169,"Victoria Secret,  Berry kiss by",4,https://cotizar.jjquimienvases.com/items/imagenes/e169.jpg,1,18,37
170,"Montana, Motana Parfum dHomme by ",4,https://cotizar.jjquimienvases.com/items/imagenes/e170.jpg,1,18,37
171,"Lacoste,  Joy of Pink by",4,https://cotizar.jjquimienvases.com/items/imagenes/e171.jpg,1,18,37
172,"Donna Karan, Delicious Candy Apples ",4,https://cotizar.jjquimienvases.com/items/imagenes/e172.jpg,1,18,37
173,"Lacoste,  Lacoste for women by ",4,https://cotizar.jjquimienvases.com/items/imagenes/e173.jpg,1,18,37
174,"Hugo Boss, Femme by",4,https://cotizar.jjquimienvases.com/items/imagenes/e174.jpg,1,18,37
175,"Gucci,  Rush by",4,https://cotizar.jjquimienvases.com/items/imagenes/e175.jpg,1,18,37
176,"Carolina Herrera,  212 VIP  ROSE by",4,https://cotizar.jjquimienvases.com/items/imagenes/e176.jpg,1,18,37
177,"Calvin Klein, ONLINE CKin2U Her by ",4,https://cotizar.jjquimienvases.com/items/imagenes/e177.jpg,1,18,37
178,"Calvin Klein, CkIN2U Him by  ",4,https://cotizar.jjquimienvases.com/items/imagenes/e178.jpg,1,18,37
179,"Giorgio Armani, Armani Code For Her by",4,https://cotizar.jjquimienvases.com/items/imagenes/e179.jpg,1,18,37
180,"Clinique, Happy by  ",4,https://cotizar.jjquimienvases.com/items/imagenes/e180.jpg,1,18,37
181,"Giorgio Armani, Emporio Armani Diamonds by",4,https://cotizar.jjquimienvases.com/items/imagenes/e181.jpg,1,18,37
182,"Givenchy, Very Irresistible by",4,https://cotizar.jjquimienvases.com/items/imagenes/e182.jpg,1,18,37
183,Guess by Guess ,4,https://cotizar.jjquimienvases.com/items/imagenes/e183.jpg,1,18,37
184,"Hugo Boss, Boss Soul by",4,https://cotizar.jjquimienvases.com/items/imagenes/e184.jpg,1,18,37
185,"Montblanc, EMBLEM by",4,https://cotizar.jjquimienvases.com/items/imagenes/e185.jpg,1,18,37
186,"Bvlgari ,  Omni Coral by",4,https://cotizar.jjquimienvases.com/items/imagenes/e186.jpg,1,18,37
187,"Lacoste,  Inspiration by",4,https://cotizar.jjquimienvases.com/items/imagenes/e187.jpg,1,18,37
188,"Hugo Boss, Boss in Motion by ",4,https://cotizar.jjquimienvases.com/items/imagenes/e188.jpg,1,18,37
189,"Giorgio Armani, Emporio Armani Diamonds for Men by ",4,https://cotizar.jjquimienvases.com/items/imagenes/e189.jpg,1,18,37
190,"Lanc me, Tr sor by ",4,https://cotizar.jjquimienvases.com/items/imagenes/e190.jpg,1,18,37
191,"Cartier,  Eau de Cartier by ",4,https://cotizar.jjquimienvases.com/items/imagenes/e191.jpg,1,18,37
192,"Carolina Herrera , CH  Sublime",4,https://cotizar.jjquimienvases.com/items/imagenes/e192.jpg,1,18,37
193,"Britney Spears, Fantasy remix by",4,https://cotizar.jjquimienvases.com/items/imagenes/e193.jpg,1,18,37
194,"Paco Rabanne, Black XS Potion  by ",4,https://cotizar.jjquimienvases.com/items/imagenes/e194.jpg,1,18,37
195,"Loewe, Solo SPORT by",4,https://cotizar.jjquimienvases.com/items/imagenes/e195.jpg,1,18,37
196,"Burberry ,  Burberry Body by",4,https://cotizar.jjquimienvases.com/items/imagenes/e196.jpg,1,18,37
197,"Giorgio Armani,  Acqua di Gioia by",4,https://cotizar.jjquimienvases.com/items/imagenes/e197.jpg,1,18,37
198,"Gucci, Flora by",4,https://cotizar.jjquimienvases.com/items/imagenes/e198.jpg,1,18,37
199,"Ferrari,   Ferrari Black by ",4,https://cotizar.jjquimienvases.com/items/imagenes/e199.jpg,1,18,37
200,"Clinique,  Happy for men by",4,https://cotizar.jjquimienvases.com/items/imagenes/e200.jpg,1,18,37
201,"Lady Gaga,  Fame by ",4,https://cotizar.jjquimienvases.com/items/imagenes/e201.jpg,1,18,37
202,"Givenchy,  Ange ou Dmon Secret Elixir by",4,https://cotizar.jjquimienvases.com/items/imagenes/e202.jpg,1,18,37
203,Guy Laroche by DRKKAR DINAMIc,4,https://cotizar.jjquimienvases.com/items/imagenes/e203.jpg,1,18,37
204,"Calvin klein, Eternity for men Aqua by ",4,https://cotizar.jjquimienvases.com/items/imagenes/e204.jpg,1,18,37
205,SOFIA VERGARA,4,https://cotizar.jjquimienvases.com/items/imagenes/e205.jpg,1,18,37
206,"Donna Karan,  DKNY Be Delicious by ",4,https://cotizar.jjquimienvases.com/items/imagenes/e206.jpg,1,18,37
207,Yves Saint Laurent La Nuit de lHomme by,4,https://cotizar.jjquimienvases.com/items/imagenes/e207.jpg,1,18,37
208," Ralph Lauren ,  Polo RED by ",4,https://cotizar.jjquimienvases.com/items/imagenes/e208.jpg,1,18,37
209,"Mont Blanc, Legend for Her by ",4,https://cotizar.jjquimienvases.com/items/imagenes/e209.jpg,1,18,37
210,Victorias Secret   Vanilla Lace by ,4,https://cotizar.jjquimienvases.com/items/imagenes/e210.jpg,1,18,37
211,"Estee Lauder, Pleasures by",4,https://cotizar.jjquimienvases.com/items/imagenes/e211.jpg,1,18,37
212,"Escada, Escada Ocean Loundge by",4,https://cotizar.jjquimienvases.com/items/imagenes/e212.jpg,1,18,37
213,"Hugo Boss, Boss by ",4,https://cotizar.jjquimienvases.com/items/imagenes/e213.jpg,1,18,37
214,"Jean Paul Gautier, Fleur du Male by",4,https://cotizar.jjquimienvases.com/items/imagenes/e214.jpg,1,18,37
215,"Hugo Boss, Boss Intense by",4,https://cotizar.jjquimienvases.com/items/imagenes/e215.jpg,1,18,37
216,"Ralph Lauren ,  Polo by ",4,https://cotizar.jjquimienvases.com/items/imagenes/e216.jpg,1,18,37
217,"Salvatore Ferragamo, Incanto Charm by",4,https://cotizar.jjquimienvases.com/items/imagenes/e217.jpg,1,18,37
218,"Guy Laroche, Drakkar Noir by",4,https://cotizar.jjquimienvases.com/items/imagenes/e218.jpg,1,18,37
219,"Shakira,  Elixir  by",4,https://cotizar.jjquimienvases.com/items/imagenes/e219.jpg,1,18,37
220,"Beyonce, Heat by",4,https://cotizar.jjquimienvases.com/items/imagenes/e220.jpg,1,18,37
221,"Shakira, rock by",4,https://cotizar.jjquimienvases.com/items/imagenes/e221.jpg,1,18,37
222,"Lacoste, L.12.12 yellow by",4,https://cotizar.jjquimienvases.com/items/imagenes/e222.jpg,1,18,37
223,"Dolce & Gabbana, intenso by",4,https://cotizar.jjquimienvases.com/items/imagenes/e223.jpg,1,18,37
224,ONE DIRECTION by  you & i ,4,https://cotizar.jjquimienvases.com/items/imagenes/e224.jpg,1,18,37
225,"Hugo Boss,  Hugo Just Different by",4,https://cotizar.jjquimienvases.com/items/imagenes/e225.jpg,1,18,37
226,"Paco Rabanne, Paco by ",4,https://cotizar.jjquimienvases.com/items/imagenes/e226.jpg,1,18,37
227,"Azzaro, azzaro by",4,https://cotizar.jjquimienvases.com/items/imagenes/e227.jpg,1,18,37
228,"Paco Rabanne, Olimpea  by ",4,https://cotizar.jjquimienvases.com/items/imagenes/e228.jpg,1,18,37
229,"carolina herrera, 212  VIP club",4,https://cotizar.jjquimienvases.com/items/imagenes/e229.jpg,1,18,37
230," Victoria Secret,   EAU so sexy by ",4,https://cotizar.jjquimienvases.com/items/imagenes/e230.jpg,1,18,37
231,"Givenchy, Gentlemen Only",4,https://cotizar.jjquimienvases.com/items/imagenes/e231.jpg,1,18,37
232,"Carolina Herrera, CH prive",4,https://cotizar.jjquimienvases.com/items/imagenes/e232.jpg,1,18,37
233,"Issey Miyake , Nuit by",4,https://cotizar.jjquimienvases.com/items/imagenes/e233.jpg,1,18,37
234,Victorias Secret love spell,4,https://cotizar.jjquimienvases.com/items/imagenes/e234.jpg,1,18,37
235,Victorias Secret pure seduction,4,https://cotizar.jjquimienvases.com/items/imagenes/e235.jpg,1,18,37
236,Victorias Secret coconut passion,4,https://cotizar.jjquimienvases.com/items/imagenes/e236.jpg,1,18,37
237," Victorias Secret, mango & hibiscus",4,https://cotizar.jjquimienvases.com/items/imagenes/e237.jpg,1,18,37
238,"Victorias Secret, beauty rush juiced berry",4,https://cotizar.jjquimienvases.com/items/imagenes/e238.jpg,1,18,37
239,"Lacoste,   L.12.12. Bleu by",4,https://cotizar.jjquimienvases.com/items/imagenes/e239.jpg,1,18,37
240,"Cacharel ,  Amor Amor Tentacion by ",4,https://cotizar.jjquimienvases.com/items/imagenes/e240.jpg,1,18,37
241,Paris Hilton DAZZLE,4,https://cotizar.jjquimienvases.com/items/imagenes/e241.jpg,1,18,37
242," Nautica, Voyage by ",4,https://cotizar.jjquimienvases.com/items/imagenes/e242.jpg,1,18,37
243,"Bath & Body Works, Velvet sugar by",4,https://cotizar.jjquimienvases.com/items/imagenes/e243.jpg,1,18,37
244," Tommy Hilfiger,   TH BOLD by  ",4,https://cotizar.jjquimienvases.com/items/imagenes/e244.jpg,1,18,37
245,"CRITIANO RONALDO, LEGACY",4,https://cotizar.jjquimienvases.com/items/imagenes/e245.jpg,1,18,37
246,"Lacoste, L.12.12  ELEGANT",4,https://cotizar.jjquimienvases.com/items/imagenes/e246.jpg,1,18,37
247,"Lacoste, L.12.12  SPARKLING",4,https://cotizar.jjquimienvases.com/items/imagenes/e247.jpg,1,18,37
248,"SOFIA VERGARA, LOVE",4,https://cotizar.jjquimienvases.com/items/imagenes/e248.jpg,1,18,37
249,"Lacoste, L.12.12 NATURAL",4,https://cotizar.jjquimienvases.com/items/imagenes/e249.jpg,1,18,37
250,"Bath & Body works, winter candy apll by",4,https://cotizar.jjquimienvases.com/items/imagenes/e250.jpg,1,18,37
251,Carolina Herrera 212 VIP WILD PARTY,4,https://cotizar.jjquimienvases.com/items/imagenes/e251.jpg,1,18,37
252,"Bvlgari, Omnia Paraiba by ",4,https://cotizar.jjquimienvases.com/items/imagenes/e252.jpg,1,18,37
253,"Paco Rabanne, Olimpea Aqua By",4,https://cotizar.jjquimienvases.com/items/imagenes/e253.jpg,1,18,37
254,"Paco Rabanne, Invictus Aqua by ",4,https://cotizar.jjquimienvases.com/items/imagenes/e254.jpg,1,18,37
255,"Loewe,  Loewe 7 Black by ",4,https://cotizar.jjquimienvases.com/items/imagenes/e255.jpg,1,18,37
256,Carolina Herrera 212 VIP WILD PARTY,4,https://cotizar.jjquimienvases.com/items/imagenes/e256.jpg,1,18,37
257,"ENRIQUE IGLESIAS, Adrenaline Night By",4,https://cotizar.jjquimienvases.com/items/imagenes/e257.jpg,1,18,37
258,"Mont Blanc,   Legend Spirit by",4,https://cotizar.jjquimienvases.com/items/imagenes/e258.jpg,1,18,37
259,"Lacoste, L.12.12 ENERGIZED",4,https://cotizar.jjquimienvases.com/items/imagenes/e259.jpg,1,18,37
260,"Carolina Herrera , CH  Central Park",4,https://cotizar.jjquimienvases.com/items/imagenes/e260.jpg,1,18,37
261,"Carolina Herrera , CH  Central Park",4,https://cotizar.jjquimienvases.com/items/imagenes/e261.jpg,1,18,37
262,"Paco Rabanne, Black XS Los Angeles  by ",4,https://cotizar.jjquimienvases.com/items/imagenes/e262.jpg,1,18,37
263,"Paco Rabanne, Black XS Los Angeles  by ",4,https://cotizar.jjquimienvases.com/items/imagenes/e263.jpg,1,18,37
264,"Ralph Lauren, Ralph Love by ",4,https://cotizar.jjquimienvases.com/items/imagenes/e264.jpg,1,18,37
265,"Carolina Herrera , Good Girl By",4,https://cotizar.jjquimienvases.com/items/imagenes/e265.jpg,1,18,37
266,MOUNTAIN SILVER,4,https://cotizar.jjquimienvases.com/items/imagenes/e266.jpg,1,18,37
267,"Diesel, Bad ",4,https://cotizar.jjquimienvases.com/items/imagenes/e267.jpg,1,18,37
268,Paris Hilton Golden Rush,4,https://cotizar.jjquimienvases.com/items/imagenes/e268.jpg,1,18,37
269,"Paco Rabanne, one millon prive  by ",4,https://cotizar.jjquimienvases.com/items/imagenes/e269.jpg,1,18,37
270,"Britney spears, Private show by",4,https://cotizar.jjquimienvases.com/items/imagenes/e270.jpg,1,18,37
271,"Lacoste, L.12.12 MACNETIC",4,https://cotizar.jjquimienvases.com/items/imagenes/e271.jpg,1,18,37
272," Diesel, Only the Brave Tatoo by -",4,https://cotizar.jjquimienvases.com/items/imagenes/e272.jpg,1,18,37
273,Paris Hilton Golden Rush,4,https://cotizar.jjquimienvases.com/items/imagenes/e273.jpg,1,18,37
274,MILLESIME IMPERIAL BY CREED,4,https://cotizar.jjquimienvases.com/items/imagenes/e274.jpg,1,18,37
275,"Hugo Boss, Hugo Boss Iced By",4,https://cotizar.jjquimienvases.com/items/imagenes/e275.jpg,1,18,37
276,"Michaek kors, Midninght Shimmer",4,https://cotizar.jjquimienvases.com/items/imagenes/e276.jpg,1,18,37
277,"Michaek kors, Sexy Susent",4,https://cotizar.jjquimienvases.com/items/imagenes/e277.jpg,1,18,37
278,"Moschino, Pink Fresh By",4,https://cotizar.jjquimienvases.com/items/imagenes/e278.jpg,1,18,37
279,"Hugo Boss, Boss Bottled Tonic",4,https://cotizar.jjquimienvases.com/items/imagenes/e279.jpg,1,18,37
280,FACONNABLE,4,https://cotizar.jjquimienvases.com/items/imagenes/e280.jpg,1,18,37
281,"Bvlgari, Aqua pour Homme Atlantiqve By",4,https://cotizar.jjquimienvases.com/items/imagenes/e281.jpg,1,18,37
282,"Carolina Herrera, CH Prive",4,https://cotizar.jjquimienvases.com/items/imagenes/e282.jpg,1,18,37
283,"Carolina Herrera, 212 Men Aqua",4,https://cotizar.jjquimienvases.com/items/imagenes/e283.jpg,1,18,37
284,"Paco Rabanne, Pure Xs By",4,https://cotizar.jjquimienvases.com/items/imagenes/e284.jpg,1,18,37
285,"SOFIA VERGARA, TEMPTING",4,https://cotizar.jjquimienvases.com/items/imagenes/e285.jpg,1,18,37
286,"Bebe, Arru",4,https://cotizar.jjquimienvases.com/items/imagenes/e286.jpg,1,18,37
287,"KATY PERRY, MIAU by",4,https://cotizar.jjquimienvases.com/items/imagenes/e287.jpg,1,18,37
288,jean paul Gautier scandal,4,https://cotizar.jjquimienvases.com/items/imagenes/e288.jpg,1,18,37
289,"Lacoste,  L.12.12 Vert by",4,https://cotizar.jjquimienvases.com/items/imagenes/e289.jpg,1,18,37
290,"Justin Bieber, Girlfriend",4,https://cotizar.jjquimienvases.com/items/imagenes/e290.jpg,1,18,37
291,"Bath & Body Works, Wild Madagascar vanilla by",4,https://cotizar.jjquimienvases.com/items/imagenes/e291.jpg,1,18,37
292,"Christian Dior, Sauvage by ",4,https://cotizar.jjquimienvases.com/items/imagenes/e292.jpg,1,18,37
293,"Issey Miyake, Majeure d issey ",4,https://cotizar.jjquimienvases.com/items/imagenes/e293.jpg,1,18,37
294,Carolina Herrera 212 VIP BLACK,4,https://cotizar.jjquimienvases.com/items/imagenes/e294.jpg,1,18,37
295,Legend night By Mont Blanc ,4,https://cotizar.jjquimienvases.com/items/imagenes/e295.jpg,1,18,37
296,"Ralph Lauren, Polo Ultra Blue  by ",4,https://cotizar.jjquimienvases.com/items/imagenes/e296.jpg,1,18,37
297,Paris Hilton Can Can Bling Edition ,4,https://cotizar.jjquimienvases.com/items/imagenes/e297.jpg,1,18,37
298,"Hugo Boss,Hugo Urban Journey",4,https://cotizar.jjquimienvases.com/items/imagenes/e298.jpg,1,18,37
299,"Paco Rabanne, One Million Lucky By",4,https://cotizar.jjquimienvases.com/items/imagenes/e299.jpg,1,18,37
300,Yes I am By Cacharel,4,https://cotizar.jjquimienvases.com/items/imagenes/e300.jpg,1,18,37
301,"Giorgio Armani, S? Passione by ",4,https://cotizar.jjquimienvases.com/items/imagenes/e301.jpg,1,18,37
302,Christian Dior Joy,4,https://cotizar.jjquimienvases.com/items/imagenes/e302.jpg,1,18,37
303,"Paco Rabanne, Pure Xs By",4,https://cotizar.jjquimienvases.com/items/imagenes/e303.jpg,1,18,37
304,"Giorgio Armani, Emporio Armani Because it?s you  by ",4,https://cotizar.jjquimienvases.com/items/imagenes/e304.jpg,1,18,37
305,"Paco Rabanne, Lady  Million Lucky By",4,https://cotizar.jjquimienvases.com/items/imagenes/e305.jpg,1,18,37
306,"Giorgio Armani, Emporio Armani stronger whit you   by ",4,https://cotizar.jjquimienvases.com/items/imagenes/e306.jpg,1,18,37
307,"Britney Spears, Prerogative by",4,https://cotizar.jjquimienvases.com/items/imagenes/e307.jpg,1,18,37
308,"LACOSTE, INTENSE POR HOMME",4,https://cotizar.jjquimienvases.com/items/imagenes/e308.jpg,1,18,37
309,"CRISTIANO RONALDO, CR7",4,https://cotizar.jjquimienvases.com/items/imagenes/e309.jpg,1,18,37
310,AVENTUS BY CRRED,4,https://cotizar.jjquimienvases.com/items/imagenes/e310.jpg,1,18,37
311,PINO SILVESTRE COLNGE BY VIDAL MAVIVE ,4,https://cotizar.jjquimienvases.com/items/imagenes/e311.jpg,1,18,37
312,"VERSACE, EROS FEMME BY",4,https://cotizar.jjquimienvases.com/items/imagenes/e312.jpg,1,18,37
313,"Giorgio Armani, S?  by ",4,https://cotizar.jjquimienvases.com/items/imagenes/e313.jpg,1,18,37
314,Paris Hilton Can Can BURLESQUE By,4,https://cotizar.jjquimienvases.com/items/imagenes/e314.jpg,1,18,37
315,"  Paloma Picasso , Paloma by ",4,https://cotizar.jjquimienvases.com/items/imagenes/e315.jpg,1,18,37
316,"Versace,  Red Jeans by",4,https://cotizar.jjquimienvases.com/items/imagenes/e316.jpg,1,18,37
317,Antonio banderas blue seduction woman,4,https://cotizar.jjquimienvases.com/items/imagenes/e317.jpg,1,18,37
318,"Diesel, Loverdose by",4,https://cotizar.jjquimienvases.com/items/imagenes/e318.jpg,1,18,37
319,"Thierry Mugler,  Angel by",4,https://cotizar.jjquimienvases.com/items/imagenes/e319.jpg,1,18,37
320,Christian Dior posion Girl By,4,https://cotizar.jjquimienvases.com/items/imagenes/e320.jpg,1,18,37
321,"Gucci,  Gucci Guilty Intense Pour Homme by",4,https://cotizar.jjquimienvases.com/items/imagenes/e321.jpg,1,18,37
322,"Ralph Lauren,  Polo Blue by ",4,https://cotizar.jjquimienvases.com/items/imagenes/e322.jpg,1,18,37
323,Christian Dior Miss dior Blooming By,4,https://cotizar.jjquimienvases.com/items/imagenes/e323.jpg,1,18,37
324,"Perry Ellis, 360? coral by",4,https://cotizar.jjquimienvases.com/items/imagenes/e324.jpg,1,18,37
325,"Hugo Boss,Hugo Un limited ",4,https://cotizar.jjquimienvases.com/items/imagenes/e325.jpg,1,18,37
326,"Chanel, Coco by",4,https://cotizar.jjquimienvases.com/items/imagenes/e326.jpg,1,18,37
327,"Hugo Boss, Hugo Reversed",4,https://cotizar.jjquimienvases.com/items/imagenes/e327.jpg,1,18,37
328,"Antonio banderas, powe of seduction",4,https://cotizar.jjquimienvases.com/items/imagenes/e328.jpg,1,18,37
329,"Lacoste, Lacoste pour femme elixir",4,https://cotizar.jjquimienvases.com/items/imagenes/e329.jpg,1,18,37
330,"Agatha ruiz de la prada, love",4,https://cotizar.jjquimienvases.com/items/imagenes/e330.jpg,1,18,37
331,Carolina Herrera Bad Boy ,4,https://cotizar.jjquimienvases.com/items/imagenes/e331.jpg,1,18,37
332,explorer - mont blanc,4,https://cotizar.jjquimienvases.com/items/imagenes/e332.jpg,1,18,37
333,"Escada, Sorbeto Roso ",4,https://cotizar.jjquimienvases.com/items/imagenes/e333.jpg,1,18,37
334,"Escada, Miami blosso",4,https://cotizar.jjquimienvases.com/items/imagenes/e334.jpg,1,18,37
335,"Versace, Eros Flame ",4,https://cotizar.jjquimienvases.com/items/imagenes/e335.jpg,1,18,37
336,"Abercrombie, Authentic Men",4,https://cotizar.jjquimienvases.com/items/imagenes/e336.jpg,1,18,37
342,"Benetton , Hot United Colors ",4,https://cotizar.jjquimienvases.com/items/imagenes/e342.jpg,1,18,37
343,"Viktor & Rolf,   Bonbon ",4,https://cotizar.jjquimienvases.com/items/imagenes/e343.jpg,1,18,37
344,"Diesel, Bad  , Spirit oh the  brave ",4,https://cotizar.jjquimienvases.com/items/imagenes/e344.jpg,1,18,37
345,"Moschino, Gold Fresh couture ",4,https://cotizar.jjquimienvases.com/items/imagenes/e345.jpg,1,18,37
337,"Paco Rabanne, Invictus Legend",4,https://cotizar.jjquimienvases.com/items/imagenes/e337.jpg,1,18,37
338,"Bvlgari, Omnia Golden Citrine",4,https://cotizar.jjquimienvases.com/items/imagenes/e338.jpg,1,18,37
339,"Carolina Herrera , 212 Vip rose red",4,https://cotizar.jjquimienvases.com/items/imagenes/e339.jpg,1,18,37
340,"Carolina Herrera , 212 Vip black red",4,https://cotizar.jjquimienvases.com/items/imagenes/e340.jpg,1,18,37
341,"Dolce & Gabbana, K By dolce gabanna ",4,https://cotizar.jjquimienvases.com/items/imagenes/e341.jpg,1,18,37
346,"Benetton , Cold Colors ",4,https://cotizar.jjquimienvases.com/items/imagenes/e346.jpg,1,18,37
347," Ferrari, Scuderia Ferrari ",4,https://cotizar.jjquimienvases.com/items/imagenes/e347.jpg,1,18,37
348,"Viktor & Rolf,   Spice Bomb",4,https://cotizar.jjquimienvases.com/items/imagenes/e348.jpg,1,18,37
349,"Yves Saint Laurent, Yves Saint Laurent",4,https://cotizar.jjquimienvases.com/items/imagenes/e349.jpg,1,18,37
350,"VERSACE, DILAN BLUE",4,https://cotizar.jjquimienvases.com/items/imagenes/e350.jpg,1,18,37
351,"Francis Kurdjian , Baccarat rouge",4,https://cotizar.jjquimienvases.com/items/imagenes/e351.jpg,1,18,37
352,"Jesus del Pozo, Halloween Man ",4,https://cotizar.jjquimienvases.com/items/imagenes/e352.jpg,1,18,37
353,"Hermes , Terre d Hermes ",4,https://cotizar.jjquimienvases.com/items/imagenes/e353.jpg,1,18,37
354,"Oscar de la Renta,  Oscar Pour ",4,https://cotizar.jjquimienvases.com/items/imagenes/e354.jpg,1,18,37
355," Moschino,  Funny! by",4,https://cotizar.jjquimienvases.com/items/imagenes/e355.jpg,1,18,37
356,Invictus Intense,4,https://cotizar.jjquimienvases.com/items/imagenes/e356.jpg,1,18,37
357,Home Timeless ,4,https://cotizar.jjquimienvases.com/items/imagenes/e357.jpg,1,18,37
359,Fresh Impact ,4,https://cotizar.jjquimienvases.com/items/imagenes/e359.jpg,1,18,37
358,Deep energy ,4,https://cotizar.jjquimienvases.com/items/imagenes/e358.jpg,1,18,37
360,Arsenal Blue,4,https://cotizar.jjquimienvases.com/items/imagenes/e360.jpg,1,18,37
361,Invictus Onyx ,4,https://cotizar.jjquimienvases.com/items/imagenes/e361.jpg,1,18,37
362,CH BEAUTIES CAROLINA HERRERA 2020 FEM,4,https://cotizar.jjquimienvases.com/items/imagenes/e362.jpg,1,18,37
363,Mercedes Benz Club,4,https://cotizar.jjquimienvases.com/items/imagenes/e363.jpg,1,18,37
364,CH beats,4,https://cotizar.jjquimienvases.com/items/imagenes/e364.jpg,1,18,37
365,ULTRA MALE JEAN PAUL GAULTIER 2015 MAS,4,https://cotizar.jjquimienvases.com/items/imagenes/e365.jpg,1,18,37
366,GOOD GIRL SUPREME CAROLINA HERRERA 2020 FEM,4,https://cotizar.jjquimienvases.com/items/imagenes/e366.jpg,1,18,37
367,PINEAPPLE DOLCE&GABANNA ,4,https://cotizar.jjquimienvases.com/items/imagenes/e367.jpg,1,18,37
368,IMPACT TOMMY HILFIGER,4,https://cotizar.jjquimienvases.com/items/imagenes/e368.jpg,1,18,37
369,BORN IN ROMA YELLOW DREAM,4,https://cotizar.jjquimienvases.com/items/imagenes/e369.jpg,1,18,37
370,DAY DREAMS MONTALE,4,https://cotizar.jjquimienvases.com/items/imagenes/e370.jpg,1,18,37
371,SPRING FLOWER CREED,4,https://cotizar.jjquimienvases.com/items/imagenes/e371.jpg,1,18,37
372,VIRGIN ISLAND WATER CREED,4,https://cotizar.jjquimienvases.com/items/imagenes/e372.jpg,1,18,37
373,LOVE IN WHITE CREED,4,https://cotizar.jjquimienvases.com/items/imagenes/e373.jpg,1,18,37
374,GREEN IRISH TWEED CREED,4,https://cotizar.jjquimienvases.com/items/imagenes/e374.jpg,1,18,37
375,AVENTUS FOR HER CREED,4,https://cotizar.jjquimienvases.com/items/imagenes/e375.jpg,1,18,37
377,Man in black by Bvlgari,4,https://cotizar.jjquimienvases.com/items/imagenes/e377.jpg,1,18,37
376,Born in Paradise by escada,4,https://cotizar.jjquimienvases.com/items/imagenes/e376.jpg,1,18,37
378,212 HEROES BY CAROLINA HERRERA,4,https://cotizar.jjquimienvases.com/items/imagenes/e378.jpg,1,18,37
