1500,Sencillo Secret 50ML,9,https://cotizar.jjquimienvases.com/items/imagenes/logo circulo.jpg,1,10,39,63,38
1501,ENVASE SENCILLO OPALIZADO ROSCA BOCA 15MM 50 ML,9,https://cotizar.jjquimienvases.com/items/imagenes/logo circulo.jpg,1,10,39,63,38
1502,EMBASE AGRAFE BOCA 15MM 50ML,9,https://cotizar.jjquimienvases.com/items/imagenes/logo circulo.jpg,1,10,39,63,38
1503,LUNA ROSADA 50ML,9,https://cotizar.jjquimienvases.com/items/imagenes/logo circulo.jpg,1,10,39,63,38
1504,DEGRADE ROSADO 50ML,9,https://cotizar.jjquimienvases.com/items/imagenes/logo circulo.jpg,1,10,39,63,38
1505,ENVASE FLAT COLOR AZUL 50ML,9,https://cotizar.jjquimienvases.com/items/imagenes/logo circulo.jpg,1,10,39,63,38
1506,PICO 50ML,9,https://cotizar.jjquimienvases.com/items/imagenes/logo circulo.jpg,1,10,39,63,38
1507,PALMERA RENDONDA 70ML,9,https://cotizar.jjquimienvases.com/items/imagenes/logo circulo.jpg,1,10,39,63,38
1508,Olimpea Rosca 50ML,9,https://cotizar.jjquimienvases.com/items/imagenes/logo circulo.jpg,1,10,39,63,38
1509,ENVASE AGRAFE BOCA 15MM 50ML,9,https://cotizar.jjquimienvases.com/items/imagenes/logo circulo.jpg,1,10,39,63,38
1510,ENVASE AGRAFE BOCA 15MM 50ML,9,https://cotizar.jjquimienvases.com/items/imagenes/logo circulo.jpg,1,10,39,63,38
1511,NINA VERDE 50ML,9,https://cotizar.jjquimienvases.com/items/imagenes/logo circulo.jpg,1,10,39,63,38
1512,ENVASE MONTBLACK 50ML AGRAFE,9,https://cotizar.jjquimienvases.com/items/imagenes/logo circulo.jpg,1,10,39,63,38
1513,Cap Black 50ML,9,https://cotizar.jjquimienvases.com/items/imagenes/logo circulo.jpg,1,10,39,63,38
1514,ENVASE AGRAFE BOCA 15MM 50ML,9,https://cotizar.jjquimienvases.com/items/imagenes/logo circulo.jpg,1,10,39,63,38
1515,MOON TAPA AZUL 60ML,9,https://cotizar.jjquimienvases.com/items/imagenes/logo circulo.jpg,1,10,39,63,38
1516,ENVASE AGRAFE BOCA 15MM 50ML,9,https://cotizar.jjquimienvases.com/items/imagenes/logo circulo.jpg,1,10,39,63,38
1517,ENVASE CORAZON ROSADO ROSCA BOCA 13MM 60M,9,https://cotizar.jjquimienvases.com/items/imagenes/logo circulo.jpg,1,10,39,63,38
1518,ENVASE ROSCA BOCA 13MM PRINK - BLUE - RED - YELLOW 55ML,9,https://cotizar.jjquimienvases.com/items/imagenes/logo circulo.jpg,1,10,39,63,38
1519,AMORE 60ML,9,https://cotizar.jjquimienvases.com/items/imagenes/logo circulo.jpg,1,10,39,63,38
1520,DIAMANTE 50ML,9,https://cotizar.jjquimienvases.com/items/imagenes/logo circulo.jpg,1,10,39,63,38
1521,ENVASE AGRAFE 50ML ,9,https://cotizar.jjquimienvases.com/items/imagenes/logo circulo.jpg,1,10,39,63,38
1522,ENVASE AGRAFE BOCA 15MM 50ML,9,https://cotizar.jjquimienvases.com/items/imagenes/logo circulo.jpg,1,10,39,63,38
1523,MUÃ‘ECA 50ML,9,https://cotizar.jjquimienvases.com/items/imagenes/logo circulo.jpg,1,10,39,63,38
1524,ENVASE AGRAFE B 15 ESMALTE  50ML,9,https://cotizar.jjquimienvases.com/items/imagenes/logo circulo.jpg,1,10,39,63,38
1525,ENVASE ROSCA BOCA 13MM 55ML,9,https://cotizar.jjquimienvases.com/items/imagenes/logo circulo.jpg,1,10,39,63,38
1526,ROJO TAPA CORAZON 50ML,9,https://cotizar.jjquimienvases.com/items/imagenes/logo circulo.jpg,1,10,39,63,38
1527,TAPA ROSADA 50ML,9,https://cotizar.jjquimienvases.com/items/imagenes/logo circulo.jpg,1,10,39,63,38
1528,ENVASE ROSCA BOCA 13MM 50ML,9,https://cotizar.jjquimienvases.com/items/imagenes/logo circulo.jpg,1,10,39,63,38
1529,ENVASE TORZO ROSCA 13 BOCA 45ML,9,https://cotizar.jjquimienvases.com/items/imagenes/logo circulo.jpg,1,10,39,63,38
1530,ENVASE JADORE ROSCA BOCA 13 MM 110ML,9,https://cotizar.jjquimienvases.com/items/imagenes/logo circulo.jpg,1,10,39,63,38
1531,LUNA MEDIA 50ML,9,https://cotizar.jjquimienvases.com/items/imagenes/logo circulo.jpg,1,10,39,63,38
1533,Gota Rosca  50ML,9,https://cotizar.jjquimienvases.com/items/imagenes/logo circulo.jpg,1,10,39,63,38
1534,XS MORADO 45ML,9,https://cotizar.jjquimienvases.com/items/imagenes/logo circulo.jpg,1,10,39,63,38
1535,SLIM NEGRO 60ML,9,https://cotizar.jjquimienvases.com/items/imagenes/logo circulo.jpg,1,10,39,63,38
1536,ENVASE ROSCA BOCA 18/415MM 50ML,9,https://cotizar.jjquimienvases.com/items/imagenes/logo circulo.jpg,1,10,39,63,38
1537,ENVASE ROSCA BOCA 18/415MM 50ML,9,https://cotizar.jjquimienvases.com/items/imagenes/logo circulo.jpg,1,10,39,63,38
1538,DIOR NEGRO 50ML,9,https://cotizar.jjquimienvases.com/items/imagenes/logo circulo.jpg,1,10,39,63,38
1539,Clear Tap Silver 50ML ,9,https://cotizar.jjquimienvases.com/items/imagenes/logo circulo.jpg,1,10,39,63,38
1540,CRISTAL Cafe 50ML,9,https://cotizar.jjquimienvases.com/items/imagenes/logo circulo.jpg,1,10,39,63,38
1541,INVICTUS 60ML,9,https://cotizar.jjquimienvases.com/items/imagenes/logo circulo.jpg,1,10,39,63,38
1543,BALON AMARILLO 50ML,9,https://cotizar.jjquimienvases.com/items/imagenes/logo circulo.jpg,1,10,39,63,38
1544,SINGLE FREDY 60ML,9,https://cotizar.jjquimienvases.com/items/imagenes/logo circulo.jpg,1,10,39,63,38
1545,NINA ROSADO B13MM 50ML,9,https://cotizar.jjquimienvases.com/items/imagenes/logo circulo.jpg,1,10,39,63,38
1546,ENVASE ROSCA BOCA 15MM 50ML,9,https://cotizar.jjquimienvases.com/items/imagenes/logo circulo.jpg,1,10,39,63,38
1547,CORAZON TRANSPARENTE Love 60ML,9,https://cotizar.jjquimienvases.com/items/imagenes/logo circulo.jpg,1,10,39,63,38
1549,CUERPO REINA Azul 50ML,9,https://cotizar.jjquimienvases.com/items/imagenes/logo circulo.jpg,1,10,39,63,38
1550,FLOR TRANSPARENTE 50ML,9,https://cotizar.jjquimienvases.com/items/imagenes/logo circulo.jpg,1,10,39,63,38
1551,PALMERA 50ML,9,https://cotizar.jjquimienvases.com/items/imagenes/logo circulo.jpg,1,10,39,63,38
1552,ENVASE Modern Blue ROSCA BOCA 13MM 50 ML ,9,https://cotizar.jjquimienvases.com/items/imagenes/logo circulo.jpg,1,10,39,63,38
1553, ENVASE H885 AGRAFE BOCA 15MM 60ML,9,https://cotizar.jjquimienvases.com/items/imagenes/logo circulo.jpg,1,10,39,63,38
1554,PISSA COLORES SURTIDOS 50ML,9,https://cotizar.jjquimienvases.com/items/imagenes/logo circulo.jpg,1,10,39,63,38
1555,BALA 45ML AZUL,9,https://cotizar.jjquimienvases.com/items/imagenes/logo circulo.jpg,1,10,39,63,38
1556,AZUL 50ML,9,https://cotizar.jjquimienvases.com/items/imagenes/logo circulo.jpg,1,10,39,63,38
1557,GUITARRA ROSADA 50ML,9,https://cotizar.jjquimienvases.com/items/imagenes/logo circulo.jpg,1,10,39,63,38
1558,RELOJ AZUL 50ML,9,https://cotizar.jjquimienvases.com/items/imagenes/logo circulo.jpg,1,10,39,63,38
1559,CANDY 50ML,9,https://cotizar.jjquimienvases.com/items/imagenes/logo circulo.jpg,1,10,39,63,38
1560,ADRIAN AZUL 45ML,9,https://cotizar.jjquimienvases.com/items/imagenes/logo circulo.jpg,1,10,39,63,38
1561,MARTILLADO SWARO 50ML,9,https://cotizar.jjquimienvases.com/items/imagenes/logo circulo.jpg,1,10,39,63,38
1562,FANTASIA 50ML,9,https://cotizar.jjquimienvases.com/items/imagenes/logo circulo.jpg,1,10,39,63,38
1563,EROS 50ML,9,https://cotizar.jjquimienvases.com/items/imagenes/logo circulo.jpg,1,10,39,63,38
1564,SINGLE 65ML TRANSLUCIDO GOLD,9,https://cotizar.jjquimienvases.com/items/imagenes/logo circulo.jpg,1,10,39,63,38
1565,TOM 75ML,9,https://cotizar.jjquimienvases.com/items/imagenes/logo circulo.jpg,1,10,39,63,38
1566,Dubai 65ML PLATA MATE,9,https://cotizar.jjquimienvases.com/items/imagenes/logo circulo.jpg,1,10,39,63,38
1567,FRANCO LACOSTE 50ML,9,https://cotizar.jjquimienvases.com/items/imagenes/logo circulo.jpg,1,10,39,63,38
1568,EMBLE 50ML,9,https://cotizar.jjquimienvases.com/items/imagenes/logo circulo.jpg,1,10,39,63,38
1569,TORRE EIFFEL COLOR 50ML ,9,https://cotizar.jjquimienvases.com/items/imagenes/logo circulo.jpg,1,10,39,63,38
1570,TORRE EIFFEL CLEAR 50ML,9,https://cotizar.jjquimienvases.com/items/imagenes/logo circulo.jpg,1,10,39,63,38
1571,FLAT TAPA NEGRO 65ML,9,https://cotizar.jjquimienvases.com/items/imagenes/logo circulo.jpg,1,10,39,63,38
1572,GATA transparente rosca  Boca 13 60ML ,9,https://cotizar.jjquimienvases.com/items/imagenes/logo circulo.jpg,1,10,39,63,38
1573,MANZANA 50ML,9,https://cotizar.jjquimienvases.com/items/imagenes/logo circulo.jpg,1,10,39,63,38
1574,ENVASE CORAZON AZUL ROSCA BOCA 13MM 60ML,9,https://cotizar.jjquimienvases.com/items/imagenes/logo circulo.jpg,1,10,39,63,38
1575,QUARTZ ROJO 65ML,9,https://cotizar.jjquimienvases.com/items/imagenes/logo circulo.jpg,1,10,39,63,38
1576,MEDIA LUNA VERDE 50ML,9,https://cotizar.jjquimienvases.com/items/imagenes/logo circulo.jpg,1,10,39,63,38
1577,ENVASE MONTBLACK ROSCA 50ML ,9,https://cotizar.jjquimienvases.com/items/imagenes/logo circulo.jpg,1,10,39,63,38
1578,HUGO BOSS NEGRO 50ML,9,https://cotizar.jjquimienvases.com/items/imagenes/logo circulo.jpg,1,10,39,63,38
1579,CILINDRO FLORES ROSADO 50ML,9,https://cotizar.jjquimienvases.com/items/imagenes/logo circulo.jpg,1,10,39,63,38
1580,GUITARRA AZUL CON ROJO 60ML,9,https://cotizar.jjquimienvases.com/items/imagenes/logo circulo.jpg,1,10,39,63,38
1581,Element Plateado rosca 50ML,9,https://cotizar.jjquimienvases.com/items/imagenes/logo circulo.jpg,1,10,39,63,38
15911,CARTIER 60ML MORADO ROSCA,9,https://cotizar.jjquimienvases.com/items/imagenes/logo circulo.jpg,1,10,39,63,38
15913,CARTIER 60ML orange ROSCA,9,https://cotizar.jjquimienvases.com/items/imagenes/logo circulo.jpg,1,10,39,63,38
15914,CARTIER 60ML RED ROSCA,9,https://cotizar.jjquimienvases.com/items/imagenes/logo circulo.jpg,1,10,39,63,38
15915,CARTIER 60ML BLACK ROSCA,9,https://cotizar.jjquimienvases.com/items/imagenes/logo circulo.jpg,1,10,39,63,38
15916,CARTIER 60ML GREEN ROSCA,9,https://cotizar.jjquimienvases.com/items/imagenes/logo circulo.jpg,1,10,39,63,38
15919,CARTIER 60ML PINK ROSCA,9,https://cotizar.jjquimienvases.com/items/imagenes/logo circulo.jpg,1,10,39,63,38
15661,Dubai 65MLMORADO,9,https://cotizar.jjquimienvases.com/items/imagenes/logo circulo.jpg,1,10,39,63,38
15662,Dubai 65ML BLACK MATE,9,https://cotizar.jjquimienvases.com/items/imagenes/logo circulo.jpg,1,10,39,63,38
15663,Dubai 65ML GREEN,9,https://cotizar.jjquimienvases.com/items/imagenes/logo circulo.jpg,1,10,39,63,38
15641,SINGLE 65ML TRANSLUCIDO PINK,9,https://cotizar.jjquimienvases.com/items/imagenes/logo circulo.jpg,1,10,39,63,38
15642,SINGLE 65ML TRANSLUCIDO BLACK,9,https://cotizar.jjquimienvases.com/items/imagenes/logo circulo.jpg,1,10,39,63,38
15643,SINGLE 65ML TRANSLUCIDO SILVER,9,https://cotizar.jjquimienvases.com/items/imagenes/logo circulo.jpg,1,10,39,63,38
15801,GUITARRA AMARILLO CON FUCSIA 60ML ROSCA,9,https://cotizar.jjquimienvases.com/items/imagenes/logo circulo.jpg,1,10,39,63,38
15421,HAPPY 65ML SILVER,9,https://cotizar.jjquimienvases.com/items/imagenes/logo circulo.jpg,1,10,39,63,38
15664,Dubai 65ML AZUL STAR,9,https://cotizar.jjquimienvases.com/items/imagenes/logo circulo.jpg,1,10,39,63,38
15724,GATA Lila 60ML,9,https://cotizar.jjquimienvases.com/items/imagenes/logo circulo.jpg,1,10,39,63,38
15781,HUGO BOSS AZUL 50ML,9,https://cotizar.jjquimienvases.com/items/imagenes/logo circulo.jpg,1,10,39,63,38
15782,HUGO BOSS VERDE 50ML,9,https://cotizar.jjquimienvases.com/items/imagenes/logo circulo.jpg,1,10,39,63,38
15783,HUGO BOSS ROJO 50ML,9,https://cotizar.jjquimienvases.com/items/imagenes/logo circulo.jpg,1,10,39,63,38
15812,Element Naranja rosca 50ML,9,https://cotizar.jjquimienvases.com/items/imagenes/logo circulo.jpg,1,10,39,63,38
15813,Element Azul rosca 50ML,9,https://cotizar.jjquimienvases.com/items/imagenes/logo circulo.jpg,1,10,39,63,38
15723,GATA Rosada 60ML,9,https://cotizar.jjquimienvases.com/items/imagenes/logo circulo.jpg,1,10,39,63,38
15722,GATA Morada 60ML,9,https://cotizar.jjquimienvases.com/items/imagenes/logo circulo.jpg,1,10,39,63,38
15721,GATA Azul rosca  Boca 13 60ML ,9,https://cotizar.jjquimienvases.com/items/imagenes/logo circulo.jpg,1,10,39,63,38
15665,Dubai 65ML ULTRAPINK,9,https://cotizar.jjquimienvases.com/items/imagenes/logo circulo.jpg,1,10,39,63,38
15352,SLIM Morado 60ML,9,https://cotizar.jjquimienvases.com/items/imagenes/logo circulo.jpg,1,10,39,63,38
15492,CUERPO REINA Clear 50ML,9,https://cotizar.jjquimienvases.com/items/imagenes/logo circulo.jpg,1,10,39,63,38
15491,CUERPO REINA VERDE 50ML,9,https://cotizar.jjquimienvases.com/items/imagenes/logo circulo.jpg,1,10,39,63,38
15112,NINA azul 50ML,9,https://cotizar.jjquimienvases.com/items/imagenes/logo circulo.jpg,1,10,39,63,38
15791,CILINDRO FLORES MORADO 50ML,9,https://cotizar.jjquimienvases.com/items/imagenes/logo circulo.jpg,1,10,39,63,38
15402,CRISTAL Negro 50ML,9,https://cotizar.jjquimienvases.com/items/imagenes/logo circulo.jpg,1,10,39,63,38
15401,CRISTAL Rosado 50ML,9,https://cotizar.jjquimienvases.com/items/imagenes/logo circulo.jpg,1,10,39,63,38
15051,ENVASE FLAT COLOR MORADO 50ML,9,https://cotizar.jjquimienvases.com/items/imagenes/logo circulo.jpg,1,10,39,63,38
15052,ENVASE FLAT COLOR ROSADO 50ML,9,https://cotizar.jjquimienvases.com/items/imagenes/logo circulo.jpg,1,10,39,63,38
15053,ENVASE FLAT COLOR NEGRO 50M,9,https://cotizar.jjquimienvases.com/items/imagenes/logo circulo.jpg,1,10,39,63,38
15041,DEGRADE morado 50ML,9,https://cotizar.jjquimienvases.com/items/imagenes/logo circulo.jpg,1,10,39,63,38
15494,CUERPO REINA morado 50ML,9,https://cotizar.jjquimienvases.com/items/imagenes/logo circulo.jpg,1,10,39,63,38
15201,DIAMANTE AZUL 50ML,9,https://cotizar.jjquimienvases.com/items/imagenes/logo circulo.jpg,1,10,39,63,38
15031,LUNA AZUL 50ML,9,https://cotizar.jjquimienvases.com/items/imagenes/logo circulo.jpg,1,10,39,63,38
15451,NINA VERDE B13MM 50ML,9,https://cotizar.jjquimienvases.com/items/imagenes/logo circulo.jpg,1,10,39,63,38
159122,CARTIER 60ML CAFE ROSCA,9,https://cotizar.jjquimienvases.com/items/imagenes/logo circulo.jpg,1,10,39,63,38
15713,FLAT TAPA DORADO 65ML,9,https://cotizar.jjquimienvases.com/items/imagenes/logo circulo.jpg,1,10,39,63,38
15716,FLAT TAPA MORADO 65ML,9,https://cotizar.jjquimienvases.com/items/imagenes/logo circulo.jpg,1,10,39,63,38
15714,FLAT TAPA ROSADO 65ML,9,https://cotizar.jjquimienvases.com/items/imagenes/logo circulo.jpg,1,10,39,63,38
15715,FLAT TAPA PLATEADO 65ML,9,https://cotizar.jjquimienvases.com/items/imagenes/logo circulo.jpg,1,10,39,63,38
15646,SINGLE 65ML TRANSLUCIDO MORADO,9,https://cotizar.jjquimienvases.com/items/imagenes/logo circulo.jpg,1,10,39,63,38
15381,DIOR AZUL 50ML,9,https://cotizar.jjquimienvases.com/items/imagenes/logo circulo.jpg,1,10,39,63,38
15382,DIOR ROJO 50ML,9,https://cotizar.jjquimienvases.com/items/imagenes/logo circulo.jpg,1,10,39,63,38
15383,DIOR ROSADO 50ML,9,https://cotizar.jjquimienvases.com/items/imagenes/logo circulo.jpg,1,10,39,63,38
15752,QUARTZ VERDE 65ML,9,https://cotizar.jjquimienvases.com/items/imagenes/logo circulo.jpg,1,10,39,63,38
15753,QUARTZ ROSADO 65ML,9,https://cotizar.jjquimienvases.com/items/imagenes/logo circulo.jpg,1,10,39,63,38
15751,QUARTZ MORADO 65ML,9,https://cotizar.jjquimienvases.com/items/imagenes/logo circulo.jpg,1,10,39,63,38
15551,BALA 45ML ROSADO,9,https://cotizar.jjquimienvases.com/items/imagenes/logo circulo.jpg,1,10,39,63,38
15931,SET CARRO 65 ML AGRAFE PLATEADO,9,https://cotizar.jjquimienvases.com/items/imagenes/logo circulo.jpg,1,10,39,63,38
15151,MOON TAPA PINK 60ML,9,https://cotizar.jjquimienvases.com/items/imagenes/logo circulo.jpg,1,10,39,63,38
15152,MOON TAPA PLATEADO 60ML,9,https://cotizar.jjquimienvases.com/items/imagenes/logo circulo.jpg,1,10,39,63,38
1593,SET CARRO 65 ML AGRAFE AZUL,9,https://cotizar.jjquimienvases.com/items/imagenes/logo circulo.jpg,1,10,39,63,38
1592,SET DULCINEA 50 ML AGRAFE,9,https://cotizar.jjquimienvases.com/items/imagenes/logo circulo.jpg,1,10,39,63,38
1119,CH MEN 100 ML AGRAFE,9,https://cotizar.jjquimienvases.com/items/imagenes/logo circulo.jpg,1,10,39,63,38
15932,SET CARRO 65 ML AGRAFE ROJO,9,https://cotizar.jjquimienvases.com/items/imagenes/logo circulo.jpg,1,10,39,63,38
15933,SET CARRO 65 ML AGRAFE NEGRO,9,https://cotizar.jjquimienvases.com/items/imagenes/logo circulo.jpg,1,10,39,63,38
15741,ENVASE CORAZON AMARILLO ROSCA BOCA 13MM 60ML,9,https://cotizar.jjquimienvases.com/items/imagenes/logo circulo.jpg,1,10,39,63,38
15742,ENVASE CORAZON ROSADO ROSCA BOCA 13MM 60ML,9,https://cotizar.jjquimienvases.com/items/imagenes/logo circulo.jpg,1,10,39,63,38
15743,ENVASE CORAZON ROJO ROSCA BOCA 13MM 60ML,9,https://cotizar.jjquimienvases.com/items/imagenes/logo circulo.jpg,1,10,39,63,38
15784,HUGO BOSS OPALIZADO 50ML,9,https://cotizar.jjquimienvases.com/items/imagenes/logo circulo.jpg,1,10,39,63,38
15384,DIOR DORADO 50ML,9,https://cotizar.jjquimienvases.com/items/imagenes/logo circulo.jpg,1,10,39,63,38
15173,ENVASE CORAZON ROJO ROSCA BOCA 13MM 60ML,9,https://cotizar.jjquimienvases.com/items/imagenes/logo circulo.jpg,1,10,39,63,38
15171,ENVASE CORAZON AZUL ROSCA 50ML,9,https://cotizar.jjquimienvases.com/items/imagenes/logo circulo.jpg,1,10,39,63,38
15172,ENVASE CORAZON AMARILLO ROSCA BOCA 13MM 60ML,9,https://cotizar.jjquimienvases.com/items/imagenes/logo circulo.jpg,1,10,39,63,38
15341,XS ROJO 45ML,9,https://cotizar.jjquimienvases.com/items/imagenes/logo circulo.jpg,1,10,39,63,38
15173,ENVASE CORAZON ROJO ROSCA BOCA 13MM 60ML,9,https://cotizar.jjquimienvases.com/items/imagenes/logo circulo.jpg,1,10,39,63,38
