222828,pet cristal 60cc plÃ¡stico T28 ST,10,https://cotizar.jjquimienvases.com/items/imagenes/bl60.jpg,1,31,167,38
597,PET BALA 250 ML PLASTICO 24/410 ST ROSADO,10,https://cotizar.jjquimienvases.com/items/imagenes/bl250r.jpg,1,31,167,38
600,PET BALA 120cc  B24/410 ST TRANSPARENTE,10,https://cotizar.jjquimienvases.com/items/imagenes/bl120.jpg,1,31,167,38
601,PET BALA 20cc PLASTICO T18/ 415 ST,10,https://cotizar.jjquimienvases.com/items/imagenes/bl20.jpg,1,31,167,38
607,PET BALA 60 ML PLASTICO T18/415 ST TRANSPARENTE                                  ,10,https://cotizar.jjquimienvases.com/items/imagenes/bl60.jpg,1,31,167,38
682,PET CAMPANA 500CC B.28 (SIN TAPA),10,https://cotizar.jjquimienvases.com/items/imagenes/pc500.jpg,1,31,167,38
684,PET CAMPANA DE 300 B28 ST,10,https://cotizar.jjquimienvases.com/items/imagenes/pc300.jpg,1,31,167,38
728,DISPENSADOR ESPUMA 160ML tRANSPARENTE PET,5,https://cotizar.jjquimienvases.com/items/imagenes/dp120.jpg,1,31,167,38
7015,PET 150 cc ASEO T28 ST,5,https://cotizar.jjquimienvases.com/items/imagenes/pa150.jpg,1,31,167,38
7002,PET CHAMPANA 30CC T18,10,https://cotizar.jjquimienvases.com/items/imagenes/pch.jpg,1,31,167,38
7004,PET BOLO 330 T28 ST,5,https://cotizar.jjquimienvases.com/items/imagenes/pbl.jpg,1,31,167,38
7006,PET VIVI 250CC T28 ST,10,https://cotizar.jjquimienvases.com/items/imagenes/pv250.jpg,1,31,167,38
7007,PET BALA 30cc PLASTICO T18/415 ST,10,https://cotizar.jjquimienvases.com/items/imagenes/bl30.jpg,1,31,167,38
7010,PET 500cc PLASTICO T28 ST,10,https://cotizar.jjquimienvases.com/items/imagenes/bl500.jpg,1,31,167,38
7012,PET 250 AGUA REDONDO T28 ST,5,https://cotizar.jjquimienvases.com/items/imagenes/pa250r.jpg,1,31,167,38
7013,PET 500cc ASEO T28 ST,5,https://cotizar.jjquimienvases.com/items/imagenes/p500.jpg,1,31,167,38
7014,PET 810cc ASEO T28 ST,5,https://cotizar.jjquimienvases.com/items/imagenes/pa810.jpg,1,31,167,38
7016,PET HOTELERO 35 ML T18/415 ST,10,https://cotizar.jjquimienvases.com/items/imagenes/ph1.jpg,1,31,167,38
7017,PET PEGANTE 2LT T28 ST,5,https://cotizar.jjquimienvases.com/items/imagenes/pg2lt.jpg,1,31,167,38
7018,PET PEGANTE 3LT T38 ST ,5,https://cotizar.jjquimienvases.com/items/imagenes/pg3lt.jpg,1,31,167,38
7019,PET PEGANTE 3.8LT T38 ST,10,https://cotizar.jjquimienvases.com/items/imagenes/pg3lt.jpg,1,31,167,38
7020,PET PEGANTE 750CC T28 ST,10,https://cotizar.jjquimienvases.com/items/imagenes/pg750.jpg,1,31,167,38
7021,PET CUELLO LARGO 750CC T28 ST,10,https://cotizar.jjquimienvases.com/items/imagenes/pcl750.jpg,1,31,167,38
7022,PET CUELLO LARGO 375cc T28 ST ,10,https://cotizar.jjquimienvases.com/items/imagenes/pcl300.jpg,1,31,167,38
195223,PET 500 VINAGRE LISO,10,https://cotizar.jjquimienvases.com/items/imagenes/pls500.jpg,1,31,167,38
195222,PET REDONDO 250 VINAGRE  T28 ST ,5,https://cotizar.jjquimienvases.com/items/imagenes/pls250.jpg,1,31,167,38
969181,POTE PET AMBAR  TAPA NEGRA 100 ML,10,https://cotizar.jjquimienvases.com/items/imagenes/pta100.jpg,1,31,167,38
785421,POTE PET NATURAL TAPA NEGRA 100 ML,10,https://cotizar.jjquimienvases.com/items/imagenes/pt100.jpg,1,31,167,38
991502,POTE PET NATURAL TAPA ALUMINIO 100 ML,10,https://cotizar.jjquimienvases.com/items/imagenes/pt100p.jpg,1,31,167,38
299415,Pet 30cc T28 ST,10,https://cotizar.jjquimienvases.com/items/imagenes/pt30b28.jpg,1,31,167,38
991505,POTE PET NATURAL TAPA NEGRA 200 ML,10,https://cotizar.jjquimienvases.com/items/imagenes/pt200n.jpg,1,31,167,38
91509,POTE PET NATURAL TAPA NEGRA 300 ML,10,https://cotizar.jjquimienvases.com/items/imagenes/pt300n.jpg,1,31,167,38
991508,POTE PET NATURAL TAPA ALUMINIO 300 ML,10,https://cotizar.jjquimienvases.com/items/imagenes/pt300p.jpg,1,31,167,38
991507,POTE PET NATURAL TAPA ALUMINIO 200 ML,10,https://cotizar.jjquimienvases.com/items/imagenes/pt200p.jpg,1,31,167,38
101534,ENVASE PET SECRET 260 ML B 24/410,10,https://cotizar.jjquimienvases.com/items/imagenes/ps1.jpg,1,31,167,38
1015535,ENVASE PET PINK 260 ML B 24/410,10,https://cotizar.jjquimienvases.com/items/imagenes/pp1.jpg,1,31,167,38
2020040,Pet Agua 5000 ml ST / T28,10,https://cotizar.jjquimienvases.com/items/imagenes/pa5lt.jpg,1,31,167,38
70071,PET BALA 250 CC B.24 BLANCO,10,https://cotizar.jjquimienvases.com/items/imagenes/pb250.jpg,1,31,167,38
700702,PET BALA 120CC B.24/410 BLANCO ,10,https://cotizar.jjquimienvases.com/items/imagenes/pb120.jpg,1,31,167,38
7007021,PET BALA 120CC B.24 NEGRO ST,10,https://cotizar.jjquimienvases.com/items/imagenes/pn120.jpg,1,31,167,38
7026,PET ALOE 250  T28 ST,5,https://cotizar.jjquimienvases.com/items/imagenes/pal250.jpg,1,31,167,38
7027,PET ALOE 500 T28 ST,5,https://cotizar.jjquimienvases.com/items/imagenes/pal500.jpg,1,31,167,38
7028,PET SPORT 500 T28 ST,5,https://cotizar.jjquimienvases.com/items/imagenes/ps500.jpg,1,31,167,38
7029,PET SPORT 600 T28 ST,5,https://cotizar.jjquimienvases.com/items/imagenes/ps500.jpg,1,31,167,38
70121,PET 250 AGUA CUADRADO T28 S,5,https://cotizar.jjquimienvases.com/items/imagenes/pac250.jpg,1,31,167,38
70122,PET AGUA 335 T28 ST,5,https://cotizar.jjquimienvases.com/items/imagenes/pa335.jpg,1,31,167,38
195224,PET 2LT ASEO T28 ST,10,https://cotizar.jjquimienvases.com/items/imagenes/pas2lt.jpg,1,31,167,38
70181,PET PEGANTE 2LT T38 ST,5,https://cotizar.jjquimienvases.com/items/imagenes/pg2lt.jpg,1,31,167,38
7281,DISPENSADOR ESPUMA 160ML BLANCO PET,5,https://cotizar.jjquimienvases.com/items/imagenes/dp120b.jpg,1,31,167,38
597812,PET BALA 250 ML PLASTICO 24/410 ST VERDE,10,https://cotizar.jjquimienvases.com/items/imagenes/bl250v.jpg,1,31,167,38
24042021,PET BALA 60 ML BLANCO BOCA18,10,https://cotizar.jjquimienvases.com/items/imagenes/bl60b.jpg,1,31,167,38
