48090,tapa 48 mm rojo  mantel,5,https://cotizar.jjquimienvases.com/items/imagenes/t48rm.jpg,1,4,52,38,40,78
48041,tapa 82 mm Blanca ,2,https://cotizar.jjquimienvases.com/items/imagenes/t82b.jpg,1,4,52,38,40,78
48040,tapa 82 mm Dorada,2,https://cotizar.jjquimienvases.com/items/imagenes/t82r.jpg,1,4,52,38,40,78
48039,tapa 82 mm Negro ,2,https://cotizar.jjquimienvases.com/items/imagenes/t82n.jpg,1,4,52,38,40,78
48038,tapa 82 mm Roja,2,https://cotizar.jjquimienvases.com/items/imagenes/t82r.jpg,1,4,52,38,40,78
48037,tapa 82 mm Verde,2,https://cotizar.jjquimienvases.com/items/imagenes/t82v.jpg,1,4,52,38,40,78
48036,tapa 53 mm Verde Mantel,2,https://cotizar.jjquimienvases.com/items/imagenes/t53vm.jpg,1,4,52,38,40,78
48035,tapa 53 mm Verde ,2,https://cotizar.jjquimienvases.com/items/imagenes/t53v.jpg,1,4,52,38,40,78
48034,tapa 53 mm Rojo Mantel,2,https://cotizar.jjquimienvases.com/items/imagenes/t53rm.jpg,1,4,52,38,40,78
48033,tapa 53 mm Roja,2,https://cotizar.jjquimienvases.com/items/imagenes/t53r.jpg,1,4,52,38,40,78
48032,tapa 53 mm Blanca,2,https://cotizar.jjquimienvases.com/items/imagenes/t53b.jpg,1,4,52,38,40,78
48031,tapa 53 mm Negra,2,https://cotizar.jjquimienvases.com/items/imagenes/t53n.jpg,1,4,52,38,40,78
48030,tapa 53 mm plateada,2,https://cotizar.jjquimienvases.com/items/imagenes/t53p.jpg,1,4,52,38,40,78
48028,tapa 53 mm Dorada ,2,https://cotizar.jjquimienvases.com/items/imagenes/t53d.jpg,1,4,52,38,40,78
48027,tapa 48 mm Roja,2,https://cotizar.jjquimienvases.com/items/imagenes/t48r.jpg,1,4,52,38,40,78
48026,tapa 48 mm Verde ,2,https://cotizar.jjquimienvases.com/items/imagenes/t48v.jpg,1,4,52,38,40,78
48024,tapa 48 mm Blanca,5,https://cotizar.jjquimienvases.com/items/imagenes/t48b.jpg,1,4,52,38,40,78
48023,tapa 48 mm Plateada,5,https://cotizar.jjquimienvases.com/items/imagenes/t48p.jpg,1,4,52,38,40,78
48022,tapa 48 mm Dorada,2,https://cotizar.jjquimienvases.com/items/imagenes/t48d.jpg,1,4,52,38,40,78
48021,TAPA 38CC Rojo Mantel,5,https://cotizar.jjquimienvases.com/items/imagenes/t38rm.jpg,1,4,52,38,40,78
48020,TAPA 38CC Rojo,5,https://cotizar.jjquimienvases.com/items/imagenes/t38r.jpg,1,4,52,38,40,78
48019,TAPA 38CC Verde Mantel,5,https://cotizar.jjquimienvases.com/items/imagenes/t38vm.jpg,1,4,52,38,40,78
48018,TAPA 38CC Verde ,5,https://cotizar.jjquimienvases.com/items/imagenes/t38vm.jpg,1,4,52,38,40,78
48017,TAPA 38CC Plateada,5,https://cotizar.jjquimienvases.com/items/imagenes/t38p.jpg,1,4,52,38,40,78
48016,TAPA 38CC Dorada,5,https://cotizar.jjquimienvases.com/items/imagenes/t38d.jpg,1,4,52,38,40,78
48015,TAPA 38CC Blanca,5,https://cotizar.jjquimienvases.com/items/imagenes/t38b.jpg,1,4,52,38,40,78
48014,TAPA 38CC Negra,5,https://cotizar.jjquimienvases.com/items/imagenes/t38n.jpg,1,4,52,38,40,78
48013,TAPA CORONA PLATEADA,5,https://cotizar.jjquimienvases.com/items/imagenes/tcp.jpg,1,4,52,38,40,78
48012,TAPA CORONA DORADA,5,https://cotizar.jjquimienvases.com/items/imagenes/tcd.jpg,1,4,52,38,40,78
48011,TAPA CORONA NEGRA,5,https://cotizar.jjquimienvases.com/items/imagenes/tcn.jpg,1,4,52,38,40,78
48003,tapa 63 mm Mantel verde ,2,https://cotizar.jjquimienvases.com/items/imagenes/t63vm.jpg,1,4,52,38,40,78
48002,tapa 63 mm Mantel rojo ,2,https://cotizar.jjquimienvases.com/items/imagenes/t63rm.jpg,1,4,52,38,40,78
48001,tapa 63 mm Negra ,2,https://cotizar.jjquimienvases.com/items/imagenes/t63n.jpg,1,4,52,38,40,78
48000,tapa 63 mm Verde ,2,https://cotizar.jjquimienvases.com/items/imagenes/t63v.jpg,1,4,52,38,40,78
47997,tapa 63 mm Blanca,2,https://cotizar.jjquimienvases.com/items/imagenes/t63b.jpg,1,4,52,38,40,78
47996,tapa 63 mm Plateada,2,https://cotizar.jjquimienvases.com/items/imagenes/t63p.jpg,1,4,52,38,40,78
47995,tapa 63 mm Rojo,2,https://cotizar.jjquimienvases.com/items/imagenes/t63r.jpg,1,4,52,38,40,78
46098,TAPA 89 NEGRA,5,https://cotizar.jjquimienvases.com/items/imagenes/t89n.jpg,1,4,52,38,40,78
46097,TAPA 89 PLATEADA,5,https://cotizar.jjquimienvases.com/items/imagenes/t89p.jpg,1,4,52,38,40,78
46096,TAPA 89 ROJA,5,https://cotizar.jjquimienvases.com/items/imagenes/t89r.jpg,1,4,52,38,40,78
46095,TAPA 89 BLANCA,5,https://cotizar.jjquimienvases.com/items/imagenes/t89b.jpg,1,4,52,38,40,78
46094,TAPA 43 BLANCA,5,https://cotizar.jjquimienvases.com/items/imagenes/t43b.jpg,1,4,52,38,40,78
46093,TAPA 43 NEGRA,5,https://cotizar.jjquimienvases.com/items/imagenes/t43n.jpg,1,4,52,38,40,78
46092,TAPA 43 DORADO,5,https://cotizar.jjquimienvases.com/items/imagenes/t43d.jpg,1,4,52,38,40,78
8899,tapa 89 mm Dorada ,2,https://cotizar.jjquimienvases.com/items/imagenes/t89d.jpg,1,4,52,38,40,78
7898,TAPA VELA,2,https://cotizar.jjquimienvases.com/items/imagenes/tv.jpg,1,4,52,38,40,78
6633,tapa 63 mm Dorada ,2,https://cotizar.jjquimienvases.com/items/imagenes/t63d.jpg,1,4,52,38,40,78
4488,tapa 48 mm negra,2,https://cotizar.jjquimienvases.com/items/imagenes/t48n.jpg,1,4,52,38,40,78
