620,BOMBONERA REDONDA  300CC ST,2,https://cotizar.jjquimienvases.com/items/imagenes/ab1.jpg,20,1,35,38,53
624,BOMBONERA REDONDA 1500CC ST,2,https://cotizar.jjquimienvases.com/items/imagenes/ab5.jpg,20,1,35,38,53
622,BOMBONERA REDONDA 750CC  ST,2,https://cotizar.jjquimienvases.com/items/imagenes/ab3.jpg,20,1,35,38,53
623,BOMBONERA REDONDA CT 1LT,2,https://cotizar.jjquimienvases.com/items/imagenes/ab4.jpg,20,1,35,38,53
625,BOMBONERA REDONDA CT 2LT,2,https://cotizar.jjquimienvases.com/items/imagenes/ab6.jpg,20,1,35,38,53
615,BOMBONERA CUADRADA   1500C.C CT,2,https://cotizar.jjquimienvases.com/items/imagenes/ab9.jpg,20,1,35,38,53
613,BOMBONERA CUADRADA  750CC CT,2,https://cotizar.jjquimienvases.com/items/imagenes/ab7.jpg,20,1,35,38,53
614,BOMBONERA CUADRADA CT 1LT,2,https://cotizar.jjquimienvases.com/items/imagenes/ab8.jpg,20,1,35,38,53
616,BOMBONERA CUADRADA CT 2LT T,2,https://cotizar.jjquimienvases.com/items/imagenes/ab10.jpg,20,1,35,38,53
617,BOMBONERA  CUADRADA CT 3LT,2,https://cotizar.jjquimienvases.com/items/imagenes/ab11.jpg,20,1,35,38,53
618,BOMBONERA  CUADRADA CT 4LT,2,https://cotizar.jjquimienvases.com/items/imagenes/ab11.jpg,20,1,35,38,53
621,BOMBONERA  REDONDA 500CC CT,2,https://cotizar.jjquimienvases.com/items/imagenes/ab2.jpg,20,1,35,38,53
