78,"Nina Ricci ,  Ricci Ricci by ",4,https://cotizar.jjquimienvases.com/items/imagenes/,18,1,39
79,"Diesel, Only the Brave by",4,https://cotizar.jjquimienvases.com/items/imagenes/,18,1,39
80,"Chanel ,  Egoiste Platinum by ",4,https://cotizar.jjquimienvases.com/items/imagenes/,18,1,39
81,"Giorgio Armani, Armani Black Code by",4,https://cotizar.jjquimienvases.com/items/imagenes/,18,1,39
82,"Paco Rabanne,  Ultraviolet by ",4,https://cotizar.jjquimienvases.com/items/imagenes/,18,1,39
83,"Montblanc, Femme Individuelle by",4,https://cotizar.jjquimienvases.com/items/imagenes/,18,1,39
84,"Lacoste, Lacoste Essential by",4,https://cotizar.jjquimienvases.com/items/imagenes/,18,1,39
85,"Calvin Klein,  Contradiction by ",4,https://cotizar.jjquimienvases.com/items/imagenes/,18,1,39
86,"Nautica, Latidude/Longitude by",4,https://cotizar.jjquimienvases.com/items/imagenes/,18,1,39
87,"Bebe, mi bebe",4,https://cotizar.jjquimienvases.com/items/imagenes/,18,1,39
88,"Paco Rabbane,  Black XS for Her by ",4,https://cotizar.jjquimienvases.com/items/imagenes/,18,1,39
89,"Hugo Boss,  Hugo Dark Blue by",4,https://cotizar.jjquimienvases.com/items/imagenes/,18,1,39
90,"Hugo Boss,   Hugo Deep Red by",4,https://cotizar.jjquimienvases.com/items/imagenes/,18,1,39
91,"Bvlgari, Omnia GREEN JADE by ",4,https://cotizar.jjquimienvases.com/items/imagenes/,18,1,39
92,"Cartier, Santos by ",4,https://cotizar.jjquimienvases.com/items/imagenes/,18,1,39
93,"Christian Dior, JAdore by ",4,https://cotizar.jjquimienvases.com/items/imagenes/,18,1,39
94,"Bvlgari, Omnia Amethyste by",4,https://cotizar.jjquimienvases.com/items/imagenes/,18,1,39
95,"Chanel,  Allure Homme by  ",4,https://cotizar.jjquimienvases.com/items/imagenes/,18,1,39
96,"Dolce & Gabbana , Light Blue pour homme by ",4,https://cotizar.jjquimienvases.com/items/imagenes/,18,1,39
97,"Paco Rabanne,  Lady Million by",4,https://cotizar.jjquimienvases.com/items/imagenes/,18,1,39
98,"Shakira,  S by",4,https://cotizar.jjquimienvases.com/items/imagenes/,18,1,39
99,"Carolina Herrera,  CH Men by ",4,https://cotizar.jjquimienvases.com/items/imagenes/,18,1,39
100,"Bulgari, Aqua pour homme by ",4,https://cotizar.jjquimienvases.com/items/imagenes/,18,1,39
101,"Jesus del Pozo, Halloween by",4,https://cotizar.jjquimienvases.com/items/imagenes/,18,1,39
102,"Calvin Klein, Euphoria Men by",4,https://cotizar.jjquimienvases.com/items/imagenes/,18,1,39
103,"Jennifer Lopez,  Live by  ",4,https://cotizar.jjquimienvases.com/items/imagenes/,18,1,39
104,"Hugo Boss ,  Boss Bottled Nigth by ",4,https://cotizar.jjquimienvases.com/items/imagenes/,18,1,39
105,"Calvin Klein, Euphoria by ",4,https://cotizar.jjquimienvases.com/items/imagenes/,18,1,39
106,"Carolina Herrera,  212 VIP by",4,https://cotizar.jjquimienvases.com/items/imagenes/,18,1,39
107,"Boucheron, Jair saphir by",4,https://cotizar.jjquimienvases.com/items/imagenes/,18,1,39
108,"cartier,   Must by ",4,https://cotizar.jjquimienvases.com/items/imagenes/,18,1,39
109,"Calvin Klein,  CK Free by",4,https://cotizar.jjquimienvases.com/items/imagenes/,18,1,39
110,"Lacoste, Challenge by",4,https://cotizar.jjquimienvases.com/items/imagenes/,18,1,39
111,Montblanc  Starwalker by,4,https://cotizar.jjquimienvases.com/items/imagenes/,18,1,39
112,"Thierry Mugler,  Angel by",4,https://cotizar.jjquimienvases.com/items/imagenes/,18,1,39
113,"Givenchy, Ange ou Diamon by",4,https://cotizar.jjquimienvases.com/items/imagenes/,18,1,39
114,"Paris Hilton,  Heiress by",4,https://cotizar.jjquimienvases.com/items/imagenes/,18,1,39
115,"Carolina Herrera ,  Chic for men by",4,https://cotizar.jjquimienvases.com/items/imagenes/,18,1,39
116,Elizabeth  Taylor White Diamonds by,4,https://cotizar.jjquimienvases.com/items/imagenes/,18,1,39
117,"Oscar de la Renta,  Oscar by",4,https://cotizar.jjquimienvases.com/items/imagenes/,18,1,39
118,"Ted Lapidus , Lapidus pour homme by",4,https://cotizar.jjquimienvases.com/items/imagenes/,18,1,39
119,"Guess, Guess Man by",4,https://cotizar.jjquimienvases.com/items/imagenes/,18,1,39
120,"Cartier, Declaration by",4,https://cotizar.jjquimienvases.com/items/imagenes/,18,1,39
121,"Perry Ellis, 360 Red for Men by",4,https://cotizar.jjquimienvases.com/items/imagenes/,18,1,39
122,"Versace, Versace pour homme by",4,https://cotizar.jjquimienvases.com/items/imagenes/,18,1,39
123,"Elizabeth Arden ,  5th Avenue by",4,https://cotizar.jjquimienvases.com/items/imagenes/,18,1,39
124,Benetton tribu by,4,https://cotizar.jjquimienvases.com/items/imagenes/,18,1,39
125,"Paris Hilton ,   Siren by",4,https://cotizar.jjquimienvases.com/items/imagenes/,18,1,39
126,"Burberry, The Beat by ",4,https://cotizar.jjquimienvases.com/items/imagenes/,18,1,39
127,"Chanel, Coco MADEMOISELLE by",4,https://cotizar.jjquimienvases.com/items/imagenes/,18,1,39
128,"Burberry,  Burberry Brit by",4,https://cotizar.jjquimienvases.com/items/imagenes/,18,1,39
129,Roger & Gallet Jean Marie Farina by,4,https://cotizar.jjquimienvases.com/items/imagenes/,18,1,39
130,"Carolina Herrera,   212 VIP Men by ",4,https://cotizar.jjquimienvases.com/items/imagenes/,18,1,39
131,"Carolina Herrera,  Chic by  ",4,https://cotizar.jjquimienvases.com/items/imagenes/,18,1,39
132,"Kenzo, Flower by",4,https://cotizar.jjquimienvases.com/items/imagenes/,18,1,39
133,"Paris Hilton ,   Paris Hilton Men by ",4,https://cotizar.jjquimienvases.com/items/imagenes/,18,1,39
134,Antonio banderas blue seduction by,4,https://cotizar.jjquimienvases.com/items/imagenes/,18,1,39
135,"Givenchy, Givenchy Pour Homme Blue Label by",4,https://cotizar.jjquimienvases.com/items/imagenes/,18,1,39
136,Swiss Army by Swiss Army,4,https://cotizar.jjquimienvases.com/items/imagenes/,18,1,39
137,"Hugo Boss, Boss Orange Man by  ",4,https://cotizar.jjquimienvases.com/items/imagenes/,18,1,39
138," Versace, Bright Crystal by ",4,https://cotizar.jjquimienvases.com/items/imagenes/,18,1,39
139,"Loewe, Solo by",4,https://cotizar.jjquimienvases.com/items/imagenes/,18,1,39
140,"Carolina Herrera, CH LEau by",4,https://cotizar.jjquimienvases.com/items/imagenes/,18,1,39
141,"Carolina Herrera, CH Sport Men by ",4,https://cotizar.jjquimienvases.com/items/imagenes/,18,1,39
142,"Mont Blanc, Legend by",4,https://cotizar.jjquimienvases.com/items/imagenes/,18,1,39
143,"Antonio banderas, The secret by",4,https://cotizar.jjquimienvases.com/items/imagenes/,18,1,39
144,"Calvin Klein, Escape by",4,https://cotizar.jjquimienvases.com/items/imagenes/,18,1,39
145,"Chanel, Bleu de Chanel by ",4,https://cotizar.jjquimienvases.com/items/imagenes/,18,1,39
